num_poste,num_poste,nom_usuel,lat,lon,alti,aaaammjj,rr,qrr,tn,qtn,htn,qhtn,tx,qtx,htx,qhtx,tm,qtm,tntxm,qtntxm,tampli,qtampli,tnsol,qtnsol,tn50,qtn50,dg,qdg,ffm,qffm,ff2m,qff2m,fxy,qfxy,dxy,qdxy,hxy,qhxy,fxi,qfxi,dxi,qdxi,hxi,qhxi,fxi2,qfxi2,dxi2,qdxi2,hxi2,qhxi2,fxi3s,qfxi3s,dxi3s,qdxi3s,hxi3s,qhxi3s,drr,qdrr
97101015,97101015,"LE RAIZET AERO",16.264,-61.516333,11,20250105,0.4,1,22.2,1,454,9,30,1,1136,9,25.2,1,26.1,1,7.8,1,20,9,21.8,9,0,9,2.3,1,,,5.4,1,70,1,1523,9,8.4,1,60,1,1518,9,,,,,,,7.3,1,,,1519,9,9,9
97101014,97101014,"LES ABYMES CHAZEAU_SAPC",16.2875,-61.453167,95,20250104,15,1,22.6,1,2255,9,30.6,1,1401,9,24.9,1,26.6,1,8,1,,,,,0,9,,,,,,,,,,,,,,,,,,,,,,,,,,,,,,
97101014,97101014,"LES ABYMES CHAZEAU_SAPC",16.2875,-61.453167,95,20250105,1.6,1,21.9,1,458,9,29.4,1,1257,9,24.6,1,25.7,1,7.5,1,,,,,0,9,,,,,,,,,,,,,,,,,,,,,,,,,,,,,,
97101015,97101015,"LE RAIZET AERO",16.264,-61.516333,11,20250110,0,1,18.8,1,402,9,30.3,1,1115,9,24.3,1,24.6,1,11.5,1,14.8,9,17.8,9,0,9,1.9,1,,,4.7,1,340,1,1525,9,7.5,1,350,1,1343,9,,,,,,,6.5,1,,,1156,9,0,9
97101014,97101014,"LES ABYMES CHAZEAU_SAPC",16.2875,-61.453167,95,20250111,0,1,22.6,1,622,9,29.8,1,1120,9,24.9,1,26.2,1,7.2,1,,,,,0,9,,,,,,,,,,,,,,,,,,,,,,,,,,,,,,
97101014,97101014,"LES ABYMES CHAZEAU_SAPC",16.2875,-61.453167,95,20250108,0,1,22.8,1,413,9,30.3,1,1010,9,25.2,1,26.6,1,7.5,1,,,,,0,9,,,,,,,,,,,,,,,,,,,,,,,,,,,,,,
97119008,97119008,"PETIT-CANAL GODET-INRAE",16.405,-61.481667,35,20250105,0,1,21.6,1,700,9,28.6,1,1100,9,24.8,1,25.1,1,7,1,20.1,9,21.3,9,,,,,1.3,9,,,,,,,,,,,,,6,9,90,9,1518,9,,,,,,,,
97101015,97101015,"LE RAIZET AERO",16.264,-61.516333,11,20250109,0,1,19.5,1,524,9,29.5,1,1229,9,24.3,1,24.5,1,10,1,15.3,9,18.2,9,0,9,1.5,1,,,4.4,1,180,1,1358,9,8.6,1,170,1,1022,9,,,,,,,7.3,1,,,1022,9,0,9
97101014,97101014,"LES ABYMES CHAZEAU_SAPC",16.2875,-61.453167,95,20250113,0.2,1,22.1,1,435,9,29.9,1,1234,9,24.9,1,26,1,7.8,1,,,,,0,9,,,,,,,,,,,,,,,,,,,,,,,,,,,,,,
97119008,97119008,"PETIT-CANAL GODET-INRAE",16.405,-61.481667,35,20250102,0.5,1,22.6,1,2100,9,28.3,1,1200,9,25.4,1,25.5,1,5.7,1,18.2,9,20.8,9,,,,,1.8,9,,,,,,,,,,,,,7,9,70,9,1318,9,,,,,,,,
97101014,97101014,"LES ABYMES CHAZEAU_SAPC",16.2875,-61.453167,95,20250106,1,1,21.6,1,701,9,28.5,1,1321,9,24.4,1,25.1,1,6.9,1,,,,,0,9,,,,,,,,,,,,,,,,,,,,,,,,,,,,,,
97101015,97101015,"LE RAIZET AERO",16.264,-61.516333,11,20250108,0,1,21.6,1,418,9,29.7,1,1113,9,25.2,1,25.7,1,8.1,1,18.1,9,20.8,9,0,9,2.1,1,,,5.5,1,130,1,1226,9,9.6,1,140,1,1224,9,,,,,,,8.9,1,,,1224,9,0,9
97119008,97119008,"PETIT-CANAL GODET-INRAE",16.405,-61.481667,35,20250101,0,1,20.1,1,600,9,28.9,1,1400,9,24.4,1,24.5,1,8.8,1,16.4,9,18.9,9,,,,,1.2,9,,,,,,,,,,,,,7,9,100,9,1154,9,,,,,,,,
97101015,97101015,"LE RAIZET AERO",16.264,-61.516333,11,20250106,1.2,1,20.1,1,607,9,29.1,1,1107,9,24.9,1,24.6,1,9,1,16.1,9,18.8,9,0,9,3.4,1,,,8.2,1,70,1,1412,9,13,1,70,1,1408,9,,,,,,,12.1,1,,,1410,9,51,9
97119008,97119008,"PETIT-CANAL GODET-INRAE",16.405,-61.481667,35,20250103,0,1,22.1,1,2000,9,29.3,1,1300,9,24.8,1,25.7,1,7.2,1,19.6,9,20.3,9,,,,,1.6,9,,,,,,,,,,,,,8,9,110,9,1130,9,,,,,,,,
97101015,97101015,"LE RAIZET AERO",16.264,-61.516333,11,20250107,0,1,22.3,1,308,9,29.1,1,1109,9,25.4,1,25.7,1,6.8,1,19.6,9,21.8,9,0,9,2.5,1,,,7.7,1,80,1,1148,9,12.1,1,70,1,1140,9,,,,,,,10.9,1,,,1141,9,13,9
97101014,97101014,"LES ABYMES CHAZEAU_SAPC",16.2875,-61.453167,95,20250110,0,1,21.2,1,335,9,30.9,1,1227,9,24.4,1,26.1,1,9.7,1,,,,,0,9,,,,,,,,,,,,,,,,,,,,,,,,,,,,,,
97101014,97101014,"LES ABYMES CHAZEAU_SAPC",16.2875,-61.453167,95,20250109,0,1,22,1,440,9,30.7,1,1420,9,25,1,26.4,1,8.7,1,,,,,0,9,,,,,,,,,,,,,,,,,,,,,,,,,,,,,,
97101014,97101014,"LES ABYMES CHAZEAU_SAPC",16.2875,-61.453167,95,20250107,0,1,22,1,324,9,28.8,1,1423,9,24.6,1,25.4,1,6.8,1,,,,,0,9,,,,,,,,,,,,,,,,,,,,,,,,,,,,,,
97119008,97119008,"PETIT-CANAL GODET-INRAE",16.405,-61.481667,35,20250104,41.5,1,20.2,1,0,9,27.7,1,1000,9,23.4,1,24,1,7.5,1,16.3,9,18.5,9,,,,,1,9,,,,,,,,,,,,,7,9,100,9,1000,9,,,,,,,,
97101015,97101015,"LE RAIZET AERO",16.264,-61.516333,11,20250111,0.2,1,22.3,1,437,9,30,1,1228,9,25.1,1,26.2,1,7.7,1,18,9,21,9,0,9,1.9,1,,,5,1,60,1,1526,9,7.9,1,80,1,1230,9,,,,,,,7.4,1,,,1617,9,0,9
97101014,97101014,"LES ABYMES CHAZEAU_SAPC",16.2875,-61.453167,95,20250114,3,1,22.4,1,2307,9,28.6,1,1530,9,23.9,1,25.5,1,6.2,1,,,,,0,9,,,,,,,,,,,,,,,,,,,,,,,,,,,,,,
97101014,97101014,"LES ABYMES CHAZEAU_SAPC",16.2875,-61.453167,95,20250112,0,1,21.6,1,610,9,31.3,1,1406,9,24.9,1,26.5,1,9.7,1,,,,,,,,,,,,,,,,,,,,,,,,,,,,,,,,,,,,
97101015,97101015,"LE RAIZET AERO",16.264,-61.516333,11,20250112,0.2,1,19.2,1,520,9,30.2,1,1322,9,24.2,1,24.7,1,11,1,15.7,9,18.1,9,0,9,1.9,1,,,5.6,1,80,1,1517,9,9.8,1,30,1,1100,9,,,,,,,8,1,,,1511,9,0,9
97101015,97101015,"LE RAIZET AERO",16.264,-61.516333,11,20250113,0,1,20.5,1,253,9,29.6,1,1404,9,24.5,1,25.1,1,9.1,1,16.8,9,19.5,9,0,9,2.4,1,,,6.5,1,50,1,1012,9,10.2,1,30,1,1007,9,,,,,,,9.6,1,,,1010,9,20,9
97101015,97101015,"LE RAIZET AERO",16.264,-61.516333,11,20250114,3.8,1,21.3,1,2325,9,28.3,1,1313,9,24,1,24.8,1,7,1,17.4,9,20.3,9,0,9,1.9,1,,,6.1,1,40,1,1348,9,9.5,1,40,1,1248,9,,,,,,,8.9,1,,,1342,9,155,9
97101014,97101014,"LES ABYMES CHAZEAU_SAPC",16.2875,-61.453167,95,20250115,0,1,21.9,1,552,9,29,1,1443,9,24.3,1,25.5,1,7.1,1,,,,,0,9,,,,,,,,,,,,,,,,,,,,,,,,,,,,,,
97101015,97101015,"LE RAIZET AERO",16.264,-61.516333,11,20250115,0.2,1,19.4,1,239,9,29,1,1212,9,24.2,1,24.2,1,9.6,1,16.1,9,18.1,9,0,9,1.9,1,,,5,1,90,1,1525,9,10.4,1,120,1,1259,9,,,,,,,8.6,1,,,1259,9,11,9
97101014,97101014,"LES ABYMES CHAZEAU_SAPC",16.2875,-61.453167,95,20250116,0.4,1,21.7,1,558,9,30.9,1,1238,9,25,1,26.3,1,9.2,1,,,,,0,9,,,,,,,,,,,,,,,,,,,,,,,,,,,,,,
97101015,97101015,"LE RAIZET AERO",16.264,-61.516333,11,20250116,0.4,1,19.3,1,535,9,30.3,1,1207,9,24.4,1,24.8,1,11,1,15,9,17.8,9,0,9,1.8,1,,,6.2,1,50,1,1524,9,9.5,1,50,1,1515,9,,,,,,,8.7,1,,,1515,9,27,9
97101015,97101015,"LE RAIZET AERO",16.264,-61.516333,11,20250117,2.4,1,20.2,1,448,9,29.8,1,1202,9,25.3,1,25,1,9.6,1,16.5,9,19.1,9,0,9,3.3,1,,,7.5,1,70,1,1354,9,11.7,1,70,1,1037,9,,,,,,,10.5,1,,,1037,9,51,9
97101014,97101014,"LES ABYMES CHAZEAU_SAPC",16.2875,-61.453167,95,20250117,1,1,22.2,1,622,9,29.6,1,1038,9,25.3,1,25.9,1,7.4,1,,,,,0,9,,,,,,,,,,,,,,,,,,,,,,,,,,,,,,
97101014,97101014,"LES ABYMES CHAZEAU_SAPC",16.2875,-61.453167,95,20250118,1.8,1,22.4,1,528,9,27.7,1,1119,9,24.7,1,25.1,1,5.3,1,,,,,0,9,,,,,,,,,,,,,,,,,,,,,,,,,,,,,,
97101015,97101015,"LE RAIZET AERO",16.264,-61.516333,11,20250118,3.2,1,23,1,248,9,28.7,1,1216,9,25.5,1,25.9,1,5.7,1,20,9,22.1,9,0,9,4.7,1,,,8.9,1,70,1,1520,9,14.5,1,70,1,1611,9,,,,,,,13.7,1,,,1611,9,113,9
97119008,97119008,"PETIT-CANAL GODET-INRAE",16.405,-61.481667,35,20250113,0,1,21.1,1,400,9,29.3,1,1200,9,24.7,1,25.2,1,8.2,1,16.9,9,19.6,9,,,,,0.9,9,,,,,,,,,,,,,6,9,50,9,1224,9,,,,,,,,
97119008,97119008,"PETIT-CANAL GODET-INRAE",16.405,-61.481667,35,20250107,1,1,22.5,1,200,9,27.6,1,1100,9,24.7,1,25.1,1,5.1,1,21.1,9,22,9,,,,,1.5,9,,,,,,,,,,,,,7,9,130,9,1142,9,,,,,,,,
97119008,97119008,"PETIT-CANAL GODET-INRAE",16.405,-61.481667,35,20250111,0,1,21.8,1,700,9,28.9,1,1300,9,24.8,1,25.4,1,7.1,1,17.9,9,20.8,9,,,,,0.8,9,,,,,,,,,,,,,5,9,160,9,1524,9,,,,,,,,
97119008,97119008,"PETIT-CANAL GODET-INRAE",16.405,-61.481667,35,20250114,0.5,1,22,1,2000,9,28.3,1,1500,9,24.3,1,25.2,1,6.3,1,18.4,9,20.6,9,,,,,0.6,9,,,,,,,,,,,,,5,9,80,9,1448,9,,,,,,,,
97101015,97101015,"LE RAIZET AERO",16.264,-61.516333,11,20250119,0,1,22.8,1,535,9,29.5,1,1223,9,26.3,1,26.2,1,6.7,1,17.7,9,21.2,9,0,9,5,1,,,9.2,1,90,1,1109,9,14.5,1,80,1,1319,9,,,,,,,13.2,1,,,1328,9,0,9
97119008,97119008,"PETIT-CANAL GODET-INRAE",16.405,-61.481667,35,20250112,0,1,19.3,1,600,9,29.1,1,1400,9,24,1,24.2,1,9.8,1,16.1,9,18,9,,,,,0.9,9,,,,,,,,,,,,,6,9,110,9,1448,9,,,,,,,,
97119008,97119008,"PETIT-CANAL GODET-INRAE",16.405,-61.481667,35,20250106,7,1,22.9,1,600,9,28.6,1,1300,9,25.3,1,25.8,1,5.7,1,18.9,9,21.8,9,,,,,1.9,9,,,,,,,,,,,,,8,9,100,9,1242,9,,,,,,,,
97119008,97119008,"PETIT-CANAL GODET-INRAE",16.405,-61.481667,35,20250110,0,1,19.6,1,700,9,29.7,1,1200,9,24.4,1,24.7,1,10.1,1,15.7,9,18.4,9,,,,,0.7,9,,,,,,,,,,,,,5,9,350,9,1324,9,,,,,,,,
97119008,97119008,"PETIT-CANAL GODET-INRAE",16.405,-61.481667,35,20250108,0,1,21.5,1,500,9,29,1,1300,9,24.6,1,25.3,1,7.5,1,18.3,9,20.2,9,,,,,1.2,9,,,,,,,,,,,,,6,9,140,9,1400,9,,,,,,,,
97101014,97101014,"LES ABYMES CHAZEAU_SAPC",16.2875,-61.453167,95,20250119,0,1,23,1,636,9,29.3,1,1451,9,25.7,1,26.2,1,6.3,1,,,,,0,9,,,,,,,,,,,,,,,,,,,,,,,,,,,,,,
97119008,97119008,"PETIT-CANAL GODET-INRAE",16.405,-61.481667,35,20250109,0,1,20.1,1,500,9,28.5,1,1400,9,24,1,24.3,1,8.4,1,16.3,9,18.7,9,,,,,0.7,9,,,,,,,,,,,,,5,9,110,9,1106,9,,,,,,,,
97101015,97101015,"LE RAIZET AERO",16.264,-61.516333,11,20250120,0.6,1,24.1,1,557,9,30.3,1,1259,9,26.4,1,27.2,1,6.2,1,19.5,9,22.6,9,0,9,4.7,1,,,9.5,1,70,1,1011,9,14.5,1,50,1,1008,9,,,,,,,13.7,1,,,1012,9,38,9
97101014,97101014,"LES ABYMES CHAZEAU_SAPC",16.2875,-61.453167,95,20250120,1.4,1,23.4,1,2000,9,30.1,1,1321,9,25.6,1,26.8,1,6.7,1,,,,,0,9,,,,,,,,,,,,,,,,,,,,,,,,,,,,,,
97101015,97101015,"LE RAIZET AERO",16.264,-61.516333,11,20250121,0.6,1,23.5,1,2225,9,29.7,1,1318,9,26.3,1,26.6,1,6.2,1,20.1,9,22.3,9,0,9,4.6,1,,,9.7,1,90,1,940,9,15.9,1,90,1,935,9,,,,,,,14.9,1,,,935,9,39,9
97101015,97101015,"LE RAIZET AERO",16.264,-61.516333,11,20250125,1,1,21.6,1,433,9,30.6,1,1359,9,26.2,1,26.1,1,9,1,17.6,9,20.2,9,0,9,4.3,1,,,8.6,1,120,1,1044,9,14,1,120,1,1239,9,,,,,,,12.2,1,,,1238,9,16,9
97101015,97101015,"LE RAIZET AERO",16.264,-61.516333,11,20250122,5.6,1,23.4,1,1939,9,29.5,1,1046,9,25.2,1,26.5,1,6.1,1,19.9,9,22.3,9,0,9,3.4,1,,,9.6,1,130,1,1222,9,16.9,1,140,1,1214,9,,,,,,,14.6,1,,,1214,9,107,9
97119008,97119008,"PETIT-CANAL GODET-INRAE",16.405,-61.481667,35,20250118,1.5,1,24.1,1,2200,9,29.1,1,1100,9,26.1,1,26.6,1,5,1,21.1,9,22.5,9,,,,,2.9,9,,,,,,,,,,,,,10,9,80,9,1312,9,,,,,,,,
97101015,97101015,"LE RAIZET AERO",16.264,-61.516333,11,20250124,0.6,1,21,1,117,9,29.8,1,1058,9,25.4,1,25.4,1,8.8,1,17.1,9,19.4,9,0,9,3.4,1,,,8.3,1,80,1,1517,9,13.5,1,80,1,1325,9,,,,,,,12.3,1,,,1230,9,28,9
97101014,97101014,"LES ABYMES CHAZEAU_SAPC",16.2875,-61.453167,95,20250124,0,1,22.4,1,639,9,28.8,1,1456,9,24.8,1,25.6,1,6.4,1,,,,,0,9,,,,,,,,,,,,,,,,,,,,,,,,,,,,,,
97101014,97101014,"LES ABYMES CHAZEAU_SAPC",16.2875,-61.453167,95,20250125,1,1,23,1,620,9,28.9,1,1509,9,25.4,1,26,1,5.9,1,,,,,0,9,,,,,,,,,,,,,,,,,,,,,,,,,,,,,,
97101014,97101014,"LES ABYMES CHAZEAU_SAPC",16.2875,-61.453167,95,20250123,7.6,1,22.2,1,439,9,26.8,1,1433,9,24,1,24.5,1,4.6,1,,,,,0,9,,,,,,,,,,,,,,,,,,,,,,,,,,,,,,
97101014,97101014,"LES ABYMES CHAZEAU_SAPC",16.2875,-61.453167,95,20250121,4,1,22.5,1,2146,9,28.3,1,1052,9,25.2,1,25.4,1,5.8,1,,,,,0,9,,,,,,,,,,,,,,,,,,,,,,,,,,,,,,
97101014,97101014,"LES ABYMES CHAZEAU_SAPC",16.2875,-61.453167,95,20250122,7.4,1,22.5,1,353,9,28.4,1,1112,9,24.2,1,25.5,1,5.9,1,,,,,0,9,,,,,,,,,,,,,,,,,,,,,,,,,,,,,,
97119008,97119008,"PETIT-CANAL GODET-INRAE",16.405,-61.481667,35,20250115,0,1,20.7,1,0,9,28.4,1,1300,9,24.1,1,24.6,1,7.7,1,16.8,9,19.1,9,,,,,1.1,9,,,,,,,,,,,,,6,9,130,9,1624,9,,,,,,,,
97119008,97119008,"PETIT-CANAL GODET-INRAE",16.405,-61.481667,35,20250116,0,1,20.2,1,500,9,29.2,1,1400,9,24.4,1,24.7,1,9,1,16.5,9,18.7,9,,,,,0.9,9,,,,,,,,,,,,,6,9,90,9,1630,9,,,,,,,,
97101015,97101015,"LE RAIZET AERO",16.264,-61.516333,11,20250123,5.2,1,22.3,1,708,9,29,1,1431,9,25.1,1,25.7,1,6.7,1,18.5,9,21.2,9,0,9,3.3,1,,,8,1,90,1,1440,9,14.6,1,130,1,1059,9,,,,,,,13.5,1,,,1322,9,64,9
97119008,97119008,"PETIT-CANAL GODET-INRAE",16.405,-61.481667,35,20250117,4,1,22.3,1,100,9,29.2,1,1400,9,25.6,1,25.8,1,6.9,1,17.6,9,20.5,9,,,,,1.9,9,,,,,,,,,,,,,8,9,100,9,1436,9,,,,,,,,
97101014,97101014,"LES ABYMES CHAZEAU_SAPC",16.2875,-61.453167,95,20250127,0.8,1,22.6,1,627,9,30.7,1,1331,9,25,1,26.7,1,8.1,1,,,,,0,9,,,,,,,,,,,,,,,,,,,,,,,,,,,,,,
97101014,97101014,"LES ABYMES CHAZEAU_SAPC",16.2875,-61.453167,95,20250126,2,1,22.4,1,458,9,29,1,1049,9,24.8,1,25.7,1,6.6,1,,,,,0,9,,,,,,,,,,,,,,,,,,,,,,,,,,,,,,
97101015,97101015,"LE RAIZET AERO",16.264,-61.516333,11,20250127,1.6,1,22.1,1,22,9,30.1,1,1408,9,25.3,1,26.1,1,8,1,17.3,9,20.2,9,0,9,3.6,1,,,8,1,100,1,1628,9,12.5,1,110,1,1659,9,,,,,,,11.5,1,,,1651,9,66,9
97101015,97101015,"LE RAIZET AERO",16.264,-61.516333,11,20250126,3.4,1,22.1,1,356,9,29.8,1,1050,9,25.4,1,26,1,7.7,1,17.8,9,20.8,9,0,9,3.9,1,,,8.1,1,110,1,942,9,13.4,1,80,1,1250,9,,,,,,,12.6,1,,,1250,9,63,9
97119008,97119008,"PETIT-CANAL GODET-INRAE",16.405,-61.481667,35,20250119,0,1,25,1,500,9,28.8,1,1200,9,26.6,1,26.9,1,3.8,1,21,9,22.5,9,,,,,3.1,9,,,,,,,,,,,,,9,9,130,9,1600,9,,,,,,,,
97101015,97101015,"LE RAIZET AERO",16.264,-61.516333,11,20250128,0.8,1,23.3,1,134,9,30.3,1,1351,9,26.2,1,26.8,1,7,1,19.5,9,22.1,9,0,9,3.3,1,,,6.9,1,120,1,1150,9,10.3,1,110,1,932,9,,,,,,,9.7,1,,,932,9,44,9
97101014,97101014,"LES ABYMES CHAZEAU_SAPC",16.2875,-61.453167,95,20250128,2.4,1,23,1,2001,9,31.7,1,1440,9,25.7,1,27.4,1,8.7,1,,,,,0,9,,,,,,,,,,,,,,,,,,,,,,,,,,,,,,
97101014,97101014,"LES ABYMES CHAZEAU_SAPC",16.2875,-61.453167,95,20250129,0.2,1,23.1,1,9,9,31.3,1,1332,9,25.9,1,27.2,1,8.2,1,,,,,0,9,,,,,,,,,,,,,,,,,,,,,,,,,,,,,,
97101015,97101015,"LE RAIZET AERO",16.264,-61.516333,11,20250129,0,1,21.8,1,630,9,30.8,1,1336,9,26.4,1,26.3,1,9,1,17.5,9,20.5,9,0,9,2.9,1,,,6.5,1,130,1,1243,9,9.9,1,130,1,1234,9,,,,,,,8.8,1,,,1147,9,7,9
97101014,97101014,"LES ABYMES CHAZEAU_SAPC",16.2875,-61.453167,95,20250130,0.2,1,23.7,1,1947,9,30.2,1,1351,9,25.6,1,27,1,6.5,1,,,,,0,9,,,,,,,,,,,,,,,,,,,,,,,,,,,,,,
97119008,97119008,"PETIT-CANAL GODET-INRAE",16.405,-61.481667,35,20250124,1.5,1,22.5,1,700,9,29,1,1200,9,25.9,1,25.8,1,6.5,1,19.6,9,21.8,9,,,,,2.5,9,,,,,,,,,,,,,8,9,90,9,1900,9,,,,,,,,
97119008,97119008,"PETIT-CANAL GODET-INRAE",16.405,-61.481667,35,20250125,4.5,1,23.4,1,400,9,29.2,1,1200,9,26.2,1,26.3,1,5.8,1,21,9,22.6,9,,,,,2.8,9,,,,,,,,,,,,,11,9,130,9,1106,9,,,,,,,,
97119008,97119008,"PETIT-CANAL GODET-INRAE",16.405,-61.481667,35,20250127,6,1,23.1,1,1800,9,29.2,1,1400,9,25.8,1,26.2,1,6.1,1,21.3,9,22.3,9,,,,,2.7,9,,,,,,,,,,,,,11,9,120,9,1742,9,,,,,,,,
97119008,97119008,"PETIT-CANAL GODET-INRAE",16.405,-61.481667,35,20250120,2,1,23.9,1,2000,9,29,1,1400,9,26.2,1,26.5,1,5.1,1,22.2,9,23.4,9,,,,,3.2,9,,,,,,,,,,,,,11,9,140,9,1548,9,,,,,,,,
97119008,97119008,"PETIT-CANAL GODET-INRAE",16.405,-61.481667,35,20250122,7.5,1,23.5,1,1700,9,28.6,1,1100,9,25.3,1,26.1,1,5.1,1,21.7,9,23.1,9,,,,,2.4,9,,,,,,,,,,,,,12,9,70,9,800,9,,,,,,,,
97101015,97101015,"LE RAIZET AERO",16.264,-61.516333,11,20250130,1,1,23.2,1,545,9,29.9,1,1216,9,25.9,1,26.6,1,6.7,1,19,9,22.1,9,0,9,2.9,1,,,7.3,1,130,1,1232,9,11.6,1,140,1,1228,9,,,,,,,10.2,1,,,1228,9,5,9
97119008,97119008,"PETIT-CANAL GODET-INRAE",16.405,-61.481667,35,20250126,0.5,1,23.7,1,600,9,28.3,1,1000,9,25.9,1,26,1,4.6,1,21.8,9,22.6,9,,,,,2.8,9,,,,,,,,,,,,,9,9,110,9,1348,9,,,,,,,,
97119008,97119008,"PETIT-CANAL GODET-INRAE",16.405,-61.481667,35,20250121,1.5,1,23.3,1,2300,9,29.5,1,1300,9,26.3,1,26.4,1,6.2,1,21.7,9,23.2,9,,,,,3.4,9,,,,,,,,,,,,,10,9,110,9,1512,9,,,,,,,,
97119008,97119008,"PETIT-CANAL GODET-INRAE",16.405,-61.481667,35,20250123,2,1,24,1,0,9,28.6,1,1500,9,25.7,1,26.3,1,4.6,1,21.5,9,23.6,9,,,,,2.4,9,,,,,,,,,,,,,10,9,100,9,1406,9,,,,,,,,
97101014,97101014,"LES ABYMES CHAZEAU_SAPC",16.2875,-61.453167,95,20250131,0.8,1,22.7,1,633,9,29.9,1,1139,9,25.5,1,26.3,1,7.2,1,,,,,0,9,,,,,,,,,,,,,,,,,,,,,,,,,,,,,,
97101015,97101015,"LE RAIZET AERO",16.264,-61.516333,11,20250131,0,1,20.3,1,657,9,30.1,1,1124,9,25.3,1,25.2,1,9.8,1,15.2,9,19,9,0,9,3.6,1,,,8.5,1,70,1,1538,9,13.3,1,60,1,958,9,,,,,,,12,1,,,958,9,5,9
97101014,97101014,"LES ABYMES CHAZEAU_SAPC",16.2875,-61.453167,95,20250201,4.2,1,22.3,1,613,9,29.8,1,1348,9,24.9,1,26.1,1,7.5,1,,,,,0,9,,,,,,,,,,,,,,,,,,,,,,,,,,,,,,
97101015,97101015,"LE RAIZET AERO",16.264,-61.516333,11,20250201,1.6,1,24,1,641,9,29.9,1,1337,9,26,1,27,1,5.9,1,19.5,9,22.7,9,0,9,4.2,1,,,8.1,1,110,1,1102,9,13.6,1,110,1,1127,9,,,,,,,12,1,,,1129,9,79,9
97101014,97101014,"LES ABYMES CHAZEAU_SAPC",16.2875,-61.453167,95,20250204,1.8,1,22,1,643,9,30.7,1,1413,9,25.1,1,26.4,1,8.7,1,,,,,0,9,,,,,,,,,,,,,,,,,,,,,,,,,,,,,,
97101015,97101015,"LE RAIZET AERO",16.264,-61.516333,11,20250203,3,1,21.5,1,418,9,29.3,1,1400,9,25.5,1,25.4,1,7.8,1,17.4,9,20.2,9,0,9,3.8,1,,,8,1,70,1,1252,9,13,1,70,1,1408,9,,,,,,,11.5,1,,,1410,9,37,9
97101015,97101015,"LE RAIZET AERO",16.264,-61.516333,11,20250204,3.2,1,22.6,1,553,9,30.2,1,1210,9,25.1,1,26.4,1,7.6,1,18.3,9,21.1,9,0,9,3.3,1,,,7.1,1,130,1,1155,9,11.1,1,120,1,1202,9,,,,,,,10.5,1,,,1152,9,80,9
97101014,97101014,"LES ABYMES CHAZEAU_SAPC",16.2875,-61.453167,95,20250203,3,1,22,1,2106,9,28.9,1,1400,9,24.8,1,25.5,1,6.9,1,,,,,0,9,,,,,,,,,,,,,,,,,,,,,,,,,,,,,,
97101014,97101014,"LES ABYMES CHAZEAU_SAPC",16.2875,-61.453167,95,20250202,8.2,1,21.3,1,158,9,28.8,1,1324,9,24.1,1,25.1,1,7.5,1,,,,,0,9,,,,,,,,,,,,,,,,,,,,,,,,,,,,,,
97101015,97101015,"LE RAIZET AERO",16.264,-61.516333,11,20250202,6.8,1,21.4,1,618,9,29.3,1,1350,9,24.9,1,25.4,1,7.9,1,17.9,9,20,9,0,9,3.5,1,,,9.4,1,70,1,1140,9,15,1,70,1,1135,9,,,,,,,14.3,1,,,1135,9,84,9
97101015,97101015,"LE RAIZET AERO",16.264,-61.516333,11,20250205,7,1,21.2,1,2357,9,28.8,1,1027,9,24.3,1,25,1,7.6,1,17.2,9,20,9,0,9,3.3,1,,,8.1,1,90,1,1314,9,12.7,1,50,1,1054,9,,,,,,,12,1,,,1054,9,153,9
97101014,97101014,"LES ABYMES CHAZEAU_SAPC",16.2875,-61.453167,95,20250205,9.4,1,21.6,1,323,9,28.7,1,1143,9,23.8,1,25.2,1,7.1,1,,,,,0,9,,,,,,,,,,,,,,,,,,,,,,,,,,,,,,
97119008,97119008,"PETIT-CANAL GODET-INRAE",16.405,-61.481667,35,20250201,4,1,22.9,1,2100,9,28.8,1,1100,9,25.6,1,25.9,1,5.9,1,21.1,9,21.6,9,,,,,2.5,9,,,,,,,,,,,,,10,9,120,9,1118,9,,,,,,,,
97101014,97101014,"LES ABYMES CHAZEAU_SAPC",16.2875,-61.453167,95,20250206,3.4,1,20.2,1,523,9,29.1,1,1210,9,24.5,1,24.7,1,8.9,1,,,,,0,9,,,,,,,,,,,,,,,,,,,,,,,,,,,,,,
97119008,97119008,"PETIT-CANAL GODET-INRAE",16.405,-61.481667,35,20250131,1,1,24,1,500,9,28.6,1,1100,9,25.9,1,26.3,1,4.6,1,20.3,9,23.5,9,,,,,2.6,9,,,,,,,,,,,,,9,9,100,9,2048,9,,,,,,,,
97119008,97119008,"PETIT-CANAL GODET-INRAE",16.405,-61.481667,35,20250129,0.5,1,22.9,1,500,9,29.9,1,1400,9,26.2,1,26.4,1,7,1,19.5,9,21.8,9,,,,,1.8,9,,,,,,,,,,,,,8,9,140,9,1242,9,,,,,,,,
97119008,97119008,"PETIT-CANAL GODET-INRAE",16.405,-61.481667,35,20250202,1,1,22.6,1,200,9,28.7,1,1400,9,25.7,1,25.7,1,6.1,1,19.3,9,21.1,9,,,,,2.6,9,,,,,,,,,,,,,10,9,100,9,1130,9,,,,,,,,
97101015,97101015,"LE RAIZET AERO",16.264,-61.516333,11,20250206,3.4,1,21.4,1,512,9,29.4,1,1220,9,25.5,1,25.4,1,8,1,18.1,9,20.4,9,0,9,4.5,1,,,8.7,1,80,1,1555,9,15,1,50,1,959,9,,,,,,,13.9,1,,,959,9,80,9
97119008,97119008,"PETIT-CANAL GODET-INRAE",16.405,-61.481667,35,20250130,0,1,24.3,1,2000,9,29.6,1,1300,9,26.2,1,27,1,5.3,1,22.2,9,23.7,9,,,,,2,9,,,,,,,,,,,,,9,9,140,9,936,9,,,,,,,,
97119008,97119008,"PETIT-CANAL GODET-INRAE",16.405,-61.481667,35,20250128,1.5,1,23.5,1,400,9,29.1,1,1200,9,25.9,1,26.3,1,5.6,1,21.6,9,22.6,9,,,,,2.1,9,,,,,,,,,,,,,8,9,50,9,1536,9,,,,,,,,
97101014,97101014,"LES ABYMES CHAZEAU_SAPC",16.2875,-61.453167,95,20250207,5.4,1,22.3,1,741,9,28,1,1448,9,24.2,1,25.2,1,5.7,1,,,,,0,9,,,,,,,,,,,,,,,,,,,,,,,,,,,,,,
97101015,97101015,"LE RAIZET AERO",16.264,-61.516333,11,20250207,2.6,1,22.4,1,514,9,29.1,1,1206,9,25,1,25.8,1,6.7,1,17.9,9,20.8,9,0,9,3.6,1,,,9.8,1,90,1,1213,9,16.4,1,100,1,1232,9,,,,,,,15.1,1,,,1232,9,67,9
97101014,97101014,"LES ABYMES CHAZEAU_SAPC",16.2875,-61.453167,95,20250208,1.2,1,22,1,733,9,29.8,1,1334,9,25,1,25.9,1,7.8,1,,,,,0,9,,,,,,,,,,,,,,,,,,,,,,,,,,,,,,
97101015,97101015,"LE RAIZET AERO",16.264,-61.516333,11,20250208,0.2,1,20.7,1,601,9,29.5,1,1407,9,25,1,25.1,1,8.8,1,16.8,9,19.5,9,0,9,3.4,1,,,7.6,1,60,1,1605,9,12.5,1,40,1,1313,9,,,,,,,11.8,1,,,1559,9,23,9
97101014,97101014,"LES ABYMES CHAZEAU_SAPC",16.2875,-61.453167,95,20250209,2.4,1,22.7,1,759,9,30.1,1,1355,9,25.2,1,26.4,1,7.4,1,,,,,0,9,,,,,,,,,,,,,,,,,,,,,,,,,,,,,,
97101015,97101015,"LE RAIZET AERO",16.264,-61.516333,11,20250209,0.6,1,20.9,1,532,9,29.5,1,1301,9,25.2,1,25.2,1,8.6,1,16.9,9,19.6,9,0,9,3.9,1,,,8.4,1,90,1,1225,9,12.7,1,100,1,1224,9,,,,,,,12,1,,,1231,9,53,9
97101014,97101014,"LES ABYMES CHAZEAU_SAPC",16.2875,-61.453167,95,20250210,2,1,21,1,450,9,29.6,1,1157,9,24.3,1,25.3,1,8.6,1,,,,,0,9,,,,,,,,,,,,,,,,,,,,,,,,,,,,,,
97101015,97101015,"LE RAIZET AERO",16.264,-61.516333,11,20250210,1.2,1,22.5,1,136,9,29.5,1,1212,9,25,1,26,1,7,1,17.3,9,21,9,0,9,4.2,1,,,9.2,1,70,1,1433,9,17.3,1,80,1,1528,9,,,,,,,16.6,1,,,1528,9,17,9
97101014,97101014,"LES ABYMES CHAZEAU_SAPC",16.2875,-61.453167,95,20250211,5.4,1,22.2,1,23,9,29.6,1,1115,9,24.6,1,25.9,1,7.4,1,,,,,0,9,,,,,,,,,,,,,,,,,,,,,,,,,,,,,,
97101015,97101015,"LE RAIZET AERO",16.264,-61.516333,11,20250211,3.8,1,20.2,1,641,9,29.4,1,1331,9,24.7,1,24.8,1,9.2,1,15,9,18.4,9,0,9,3.9,1,,,9.5,1,90,1,1647,9,16.3,1,90,1,1641,9,,,,,,,15.5,1,,,1641,9,107,9
97101015,97101015,"LE RAIZET AERO",16.264,-61.516333,11,20250212,2.8,1,22.1,1,339,9,29.5,1,1111,9,25.2,1,25.8,1,7.4,1,19.3,9,20.8,9,0,9,5.7,1,,,10.1,1,100,1,1021,9,15.9,1,100,1,1308,9,,,,,,,14.7,1,,,1018,9,69,9
97101014,97101014,"LES ABYMES CHAZEAU_SAPC",16.2875,-61.453167,95,20250212,1.4,1,21.2,1,344,9,28.3,1,1155,9,24.3,1,24.8,1,7.1,1,,,,,0,9,,,,,,,,,,,,,,,,,,,,,,,,,,,,,,
97101015,97101015,"LE RAIZET AERO",16.264,-61.516333,11,20250213,13.9,1,22.9,1,210,9,30.4,1,1200,9,25.5,1,26.7,1,7.5,1,16.3,9,21,9,0,9,5,1,,,10.3,1,100,1,1057,9,15.5,1,130,1,1011,9,,,,,,,14.5,1,,,1229,9,198,9
97101014,97101014,"LES ABYMES CHAZEAU_SAPC",16.2875,-61.453167,95,20250213,14.1,1,22.3,1,1919,9,30.8,1,1225,9,25.1,1,26.6,1,8.5,1,,,,,0,9,,,,,,,,,,,,,,,,,,,,,,,,,,,,,,
97119008,97119008,"PETIT-CANAL GODET-INRAE",16.405,-61.481667,35,20250204,2.5,1,22.2,1,600,9,29.2,1,1200,9,25.3,1,25.7,1,7,1,20.7,9,21.8,9,,,,,2.1,9,,,,,,,,,,,,,10,9,130,9,406,9,,,,,,,,
97119008,97119008,"PETIT-CANAL GODET-INRAE",16.405,-61.481667,35,20250208,1,1,22.4,1,400,9,28.6,1,1300,9,25.4,1,25.5,1,6.2,1,19.7,9,21.4,9,,,,,2.1,9,,,,,,,,,,,,,8,9,80,9,1336,9,,,,,,,,
97119008,97119008,"PETIT-CANAL GODET-INRAE",16.405,-61.481667,35,20250203,5.5,1,24.4,1,2100,9,28.5,1,1200,9,25.8,1,26.5,1,4.1,1,22.1,9,23.8,9,,,,,2.3,9,,,,,,,,,,,,,8,9,120,9,1518,9,,,,,,,,
97119008,97119008,"PETIT-CANAL GODET-INRAE",16.405,-61.481667,35,20250205,3.5,1,22,1,500,9,28.3,1,1300,9,24.6,1,25.2,1,6.3,1,19.5,9,21.3,9,,,,,2.3,9,,,,,,,,,,,,,10,9,170,9,1206,9,,,,,,,,
97119008,97119008,"PETIT-CANAL GODET-INRAE",16.405,-61.481667,35,20250207,7,1,23,1,500,9,28.3,1,1300,9,25,1,25.7,1,5.3,1,21,9,22.1,9,,,,,2.5,9,,,,,,,,,,,,,10,9,120,9,1312,9,,,,,,,,
97119008,97119008,"PETIT-CANAL GODET-INRAE",16.405,-61.481667,35,20250209,2.5,1,23.5,1,500,9,29,1,1100,9,25.9,1,26.3,1,5.5,1,21,9,22.1,9,,,,,2.7,9,,,,,,,,,,,,,10,9,130,9,1036,9,,,,,,,,
97119008,97119008,"PETIT-CANAL GODET-INRAE",16.405,-61.481667,35,20250206,2,1,22.1,1,200,9,28.7,1,1300,9,25.5,1,25.4,1,6.6,1,19.1,9,21.1,9,,,,,2.6,9,,,,,,,,,,,,,11,9,110,9,906,9,,,,,,,,
97101015,97101015,"LE RAIZET AERO",16.264,-61.516333,11,20250214,0.6,1,22.2,1,36,9,29.3,1,1217,9,25.4,1,25.8,1,7.1,1,20,9,20.8,9,0,9,4.9,1,,,8.9,1,70,1,1239,9,15.6,1,60,1,1337,9,,,,,,,14.7,1,,,1337,9,63,9
97101014,97101014,"LES ABYMES CHAZEAU_SAPC",16.2875,-61.453167,95,20250214,1.6,1,20.9,1,537,9,28.7,1,1205,9,24.2,1,24.8,1,7.8,1,,,,,0,9,,,,,,,,,,,,,,,,,,,,,,,,,,,,,,
97101014,97101014,"LES ABYMES CHAZEAU_SAPC",16.2875,-61.453167,95,20250215,0.6,1,21.2,1,513,9,28.6,1,1247,9,24.8,1,24.9,1,7.4,1,,,,,0,9,,,,,,,,,,,,,,,,,,,,,,,,,,,,,,
97101015,97101015,"LE RAIZET AERO",16.264,-61.516333,11,20250215,0.2,1,21.1,1,655,9,28.4,1,1044,9,25.5,1,24.8,1,7.3,1,18.5,9,20.2,9,0,9,5.6,1,,,9.3,1,60,1,1143,9,15.7,1,60,1,1303,9,,,,,,,14.7,1,,,1310,9,12,9
97101015,97101015,"LE RAIZET AERO",16.264,-61.516333,11,20250216,0,1,23.5,1,635,9,29.9,1,1314,9,26,1,26.7,1,6.4,1,20,9,22.7,9,0,9,4.4,1,,,8.5,1,130,1,1327,9,13.3,1,140,1,1326,9,,,,,,,12.1,1,,,1010,9,0,9
97101014,97101014,"LES ABYMES CHAZEAU_SAPC",16.2875,-61.453167,95,20250216,0,1,21.8,1,545,9,29.1,1,1200,9,25,1,25.5,1,7.3,1,,,,,0,9,,,,,,,,,,,,,,,,,,,,,,,,,,,,,,
97101014,97101014,"LES ABYMES CHAZEAU_SAPC",16.2875,-61.453167,95,20250217,1,1,22.4,1,558,9,28.7,1,1237,9,24.8,1,25.6,1,6.3,1,,,,,0,9,,,,,,,,,,,,,,,,,,,,,,,,,,,,,,
97101015,97101015,"LE RAIZET AERO",16.264,-61.516333,11,20250217,0.8,1,22.1,1,26,9,28.3,1,1135,9,25.2,1,25.2,1,6.2,1,17.6,9,20.6,9,0,9,3.9,1,,,8.2,1,50,1,1152,9,13.1,1,80,1,1016,9,,,,,,,12,1,,,1016,9,48,9
97101015,97101015,"LE RAIZET AERO",16.264,-61.516333,11,20250218,0,1,23.5,1,11,9,30.3,1,1251,9,26,1,26.9,1,6.8,1,19.9,9,22.2,9,0,9,4.1,1,,,8.9,1,110,1,1316,9,14.3,1,120,1,1316,9,,,,,,,12.8,1,,,1313,9,0,9
97101014,97101014,"LES ABYMES CHAZEAU_SAPC",16.2875,-61.453167,95,20250218,0,1,22.5,1,518,9,30.9,1,1239,9,25.6,1,26.7,1,8.4,1,,,,,0,9,,,,,,,,,,,,,,,,,,,,,,,,,,,,,,
97101014,97101014,"LES ABYMES CHAZEAU_SAPC",16.2875,-61.453167,95,20250219,3,1,22,1,552,9,29.8,1,1209,9,24.5,1,25.9,1,7.8,1,,,,,0,9,,,,,,,,,,,,,,,,,,,,,,,,,,,,,,
97101015,97101015,"LE RAIZET AERO",16.264,-61.516333,11,20250219,7.2,1,21.1,1,158,9,30,1,1143,9,24.9,1,25.6,1,8.9,1,16.1,9,19.8,9,0,9,4.1,1,,,9.3,1,100,1,1306,9,18.1,1,140,1,1130,9,,,,,,,15.2,1,,,1130,9,118,9
97119008,97119008,"PETIT-CANAL GODET-INRAE",16.405,-61.481667,35,20250210,0.5,1,22.2,1,500,9,28.4,1,1300,9,25.5,1,25.3,1,6.2,1,20.3,9,21.9,9,,,,,2.8,9,,,,,,,,,,,,,10,9,120,9,1506,9,,,,,,,,
97119008,97119008,"PETIT-CANAL GODET-INRAE",16.405,-61.481667,35,20250213,15,1,22.9,1,1900,9,29.3,1,1400,9,25.8,1,26.1,1,6.4,1,21.1,9,22.2,9,,,,,3.8,9,,,,,,,,,,,,,12,9,120,9,2236,9,,,,,,,,
97119008,97119008,"PETIT-CANAL GODET-INRAE",16.405,-61.481667,35,20250215,0,1,22,1,500,9,28.4,1,1300,9,25.7,1,25.2,1,6.4,1,20.3,9,21.1,9,,,,,3,9,,,,,,,,,,,,,10,9,100,9,1042,9,,,,,,,,
97119008,97119008,"PETIT-CANAL GODET-INRAE",16.405,-61.481667,35,20250212,1,1,22.6,1,500,9,28.9,1,1200,9,25.6,1,25.8,1,6.3,1,20.7,9,21.6,9,,,,,3.8,9,,,,,,,,,,,,,12,9,80,9,1006,9,,,,,,,,
97101015,97101015,"LE RAIZET AERO",16.264,-61.516333,11,20250220,12.9,1,21.9,1,49,9,28.4,1,1316,9,23.9,1,25.2,1,6.5,1,18.1,9,20.9,9,0,9,3.4,1,,,7.7,1,90,1,38,9,13,1,100,1,1056,9,,,,,,,12.3,1,,,1056,9,121,9
97101014,97101014,"LES ABYMES CHAZEAU_SAPC",16.2875,-61.453167,95,20250220,12,1,21.4,1,340,9,26.7,1,1314,9,23.4,1,24.1,1,5.3,1,,,,,0,9,,,,,,,,,,,,,,,,,,,,,,,,,,,,,,
97119008,97119008,"PETIT-CANAL GODET-INRAE",16.405,-61.481667,35,20250211,5,1,23.4,1,2000,9,28.9,1,1300,9,25.9,1,26.2,1,5.5,1,20.8,9,22.4,9,,,,,3.1,9,,,,,,,,,,,,,10,9,90,9,1224,9,,,,,,,,
97119008,97119008,"PETIT-CANAL GODET-INRAE",16.405,-61.481667,35,20250214,5.5,1,22.5,1,500,9,28.9,1,1300,9,25.3,1,25.7,1,6.4,1,20.8,9,21.6,9,,,,,3,9,,,,,,,,,,,,,12,9,110,9,412,9,,,,,,,,
97119008,97119008,"PETIT-CANAL GODET-INRAE",16.405,-61.481667,35,20250216,0,1,24.6,1,600,9,28.6,1,1100,9,26.2,1,26.6,1,4,1,22.1,9,23.7,9,,,,,3.3,9,,,,,,,,,,,,,10,9,150,9,1342,9,,,,,,,,
97101015,97101015,"LE RAIZET AERO",16.264,-61.516333,11,20250221,2.8,1,18.9,1,609,9,29.4,1,1311,9,24,1,24.2,1,10.5,1,14.4,9,17.5,9,0,9,2.4,1,,,6.9,1,80,1,842,9,11.6,1,150,1,1114,9,,,,,,,10.5,1,,,838,9,83,9
97101014,97101014,"LES ABYMES CHAZEAU_SAPC",16.2875,-61.453167,95,20250221,2.2,1,21.9,1,537,9,30.9,1,1502,9,24.8,1,26.4,1,9,1,,,,,0,9,,,,,,,,,,,,,,,,,,,,,,,,,,,,,,
97101014,97101014,"LES ABYMES CHAZEAU_SAPC",16.2875,-61.453167,95,20250222,2.8,1,20.8,1,640,9,29.9,1,1314,9,23.7,1,25.4,1,9.1,1,,,,,0,9,,,,,,,,,,,,,,,,,,,,,,,,,,,,,,
97101015,97101015,"LE RAIZET AERO",16.264,-61.516333,11,20250223,0,1,20,1,601,9,29.2,1,1126,9,24.7,1,24.6,1,9.2,1,16.9,9,18.6,9,0,9,3,1,,,6.7,1,70,1,1435,9,11,1,90,1,1430,9,,,,,,,10.6,1,,,1430,9,15,9
97101015,97101015,"LE RAIZET AERO",16.264,-61.516333,11,20250222,3.8,1,20.4,1,112,9,28.8,1,1225,9,24.3,1,24.6,1,8.4,1,16,9,19.3,9,0,9,3.2,1,,,7,1,70,1,1231,9,11.3,1,120,1,615,9,,,,,,,10.4,1,,,1635,9,69,9
97101014,97101014,"LES ABYMES CHAZEAU_SAPC",16.2875,-61.453167,95,20250223,0,1,21.3,1,2001,9,30.1,1,1105,9,25,1,25.7,1,8.8,1,,,,,0,9,,,,,,,,,,,,,,,,,,,,,,,,,,,,,,
97101014,97101014,"LES ABYMES CHAZEAU_SAPC",16.2875,-61.453167,95,20250224,7,1,22.8,1,359,9,27.4,1,921,9,23.9,1,25.1,1,4.6,1,,,,,0,9,,,,,,,,,,,,,,,,,,,,,,,,,,,,,,
97101015,97101015,"LE RAIZET AERO",16.264,-61.516333,11,20250224,12.7,1,23.3,1,500,9,29.1,1,1402,9,25.3,1,26.2,1,5.8,1,19.6,9,21.9,9,0,9,3.9,1,,,8,1,100,1,1231,9,12.7,1,90,1,1230,9,,,,,,,11.6,1,,,1230,9,183,9
97101015,97101015,"LE RAIZET AERO",16.264,-61.516333,11,20250225,6.4,1,22.3,1,2203,9,28.8,1,1129,9,25.3,1,25.6,1,6.5,1,20.7,9,21.4,9,0,9,4.4,1,,,8.3,1,140,1,1612,9,12.8,1,150,1,1554,9,,,,,,,11.9,1,,,1239,9,132,9
97101014,97101014,"LES ABYMES CHAZEAU_SAPC",16.2875,-61.453167,95,20250225,17.3,1,22.2,1,2145,9,29.6,1,1047,9,25.2,1,25.9,1,7.4,1,,,,,0,9,,,,,,,,,,,,,,,,,,,,,,,,,,,,,,
97101015,97101015,"LE RAIZET AERO",16.264,-61.516333,11,20250226,26.1,1,22.8,1,1040,9,28.5,1,1348,9,24.7,1,25.7,1,5.7,1,20,9,21.7,9,0,9,3.1,1,,,7,1,140,1,1443,9,12.5,1,100,1,938,9,,,,,,,11.4,1,,,1038,9,110,9
97101014,97101014,"LES ABYMES CHAZEAU_SAPC",16.2875,-61.453167,95,20250226,7.3,1,21.3,1,601,9,28.5,1,1534,9,24.1,1,24.9,1,7.2,1,,,,,0,9,,,,,,,,,,,,,,,,,,,,,,,,,,,,,,
97119008,97119008,"PETIT-CANAL GODET-INRAE",16.405,-61.481667,35,20250217,1,1,23.8,1,500,9,28.1,1,1400,9,25.6,1,26,1,4.3,1,21.4,9,23.2,9,,,,,2.6,9,,,,,,,,,,,,,10,9,100,9,1054,9,,,,,,,,
97101014,97101014,"LES ABYMES CHAZEAU_SAPC",16.2875,-61.453167,95,20250227,0.2,1,22,1,632,9,30.4,1,1401,9,25.1,1,26.2,1,8.4,1,,,,,0,9,,,,,,,,,,,,,,,,,,,,,,,,,,,,,,
97119008,97119008,"PETIT-CANAL GODET-INRAE",16.405,-61.481667,35,20250223,0,1,21.7,1,200,9,28.9,1,1100,9,25.6,1,25.3,1,7.2,1,18.8,9,20.4,9,,,,,2.1,9,,,,,,,,,,,,,8,9,140,9,1348,9,,,,,,,,
97119008,97119008,"PETIT-CANAL GODET-INRAE",16.405,-61.481667,35,20250221,0.5,1,20.7,1,700,9,29.3,1,1300,9,24.7,1,25,1,8.6,1,17.4,9,19.8,9,,,,,1.6,9,,,,,,,,,,,,,8,9,140,9,1154,9,,,,,,,,
97119008,97119008,"PETIT-CANAL GODET-INRAE",16.405,-61.481667,35,20250224,1,1,24.4,1,2100,9,28.8,1,1500,9,26,1,26.6,1,4.4,1,21.8,9,24,9,,,,,2.9,9,,,,,,,,,,,,,10,9,160,9,1454,9,,,,,,,,
97101014,97101014,"LES ABYMES CHAZEAU_SAPC",16.2875,-61.453167,95,20250301,2.2,1,21.1,1,404,9,30,1,1117,9,24.5,1,25.6,1,8.9,1,,,,,0,9,,,,,,,,,,,,,,,,,,,,,,,,,,,,,,
97119008,97119008,"PETIT-CANAL GODET-INRAE",16.405,-61.481667,35,20250220,1,1,21.5,1,100,9,27.1,1,1600,9,24.5,1,24.3,1,5.6,1,20.5,9,21,9,,,,,2.2,9,,,,,,,,,,,,,10,9,110,9,1418,9,,,,,,,,
97119008,97119008,"PETIT-CANAL GODET-INRAE",16.405,-61.481667,35,20250222,0,1,21,1,100,9,28.9,1,1300,9,25.1,1,25,1,7.9,1,17.6,9,19.7,9,,,,,2.2,9,,,,,,,,,,,,,10,9,80,9,1118,9,,,,,,,,
97119008,97119008,"PETIT-CANAL GODET-INRAE",16.405,-61.481667,35,20250219,6,1,23.5,1,2000,9,29,1,1200,9,25.4,1,26.3,1,5.5,1,20.8,9,22.4,9,,,,,2.9,9,,,,,,,,,,,,,10,9,110,9,2336,9,,,,,,,,
97101015,97101015,"LE RAIZET AERO",16.264,-61.516333,11,20250228,0.6,1,21.3,1,459,9,29.3,1,1425,9,25.2,1,25.3,1,8,1,18.1,9,20,9,0,9,3.5,1,,,8.4,1,120,1,1547,9,12.8,1,150,1,1545,9,,,,,,,11.7,1,,,1544,9,61,9
97101015,97101015,"LE RAIZET AERO",16.264,-61.516333,11,20250227,0,1,21.4,1,102,9,29.3,1,1202,9,25.4,1,25.4,1,7.9,1,17.7,9,20.1,9,0,9,3.3,1,,,7.4,1,110,1,1255,9,11.3,1,110,1,1254,9,,,,,,,10.3,1,,,1254,9,13,9
97119008,97119008,"PETIT-CANAL GODET-INRAE",16.405,-61.481667,35,20250225,6,1,23.3,1,2300,9,29.2,1,1500,9,25.6,1,26.3,1,5.9,1,21.2,9,22.6,9,,,,,2.7,9,,,,,,,,,,,,,9,9,120,9,1624,9,,,,,,,,
97119008,97119008,"PETIT-CANAL GODET-INRAE",16.405,-61.481667,35,20250218,0,1,23.8,1,500,9,29.3,1,1200,9,26.2,1,26.6,1,5.5,1,21.7,9,22.6,9,,,,,2.8,9,,,,,,,,,,,,,10,9,120,9,1436,9,,,,,,,,
97101015,97101015,"LE RAIZET AERO",16.264,-61.516333,11,20250301,1.6,1,23.1,1,637,9,29.7,1,1201,9,25.8,1,26.4,1,6.6,1,19.1,9,22.1,9,0,9,4.5,1,,,8.4,1,130,1,1421,9,13.2,1,120,1,1230,9,,,,,,,11.6,1,,,1040,9,36,9
97101014,97101014,"LES ABYMES CHAZEAU_SAPC",16.2875,-61.453167,95,20250302,4,1,21.2,1,652,9,28.3,1,1232,9,24,1,24.8,1,7.1,1,,,,,0,9,,,,,,,,,,,,,,,,,,,,,,,,,,,,,,
97101014,97101014,"LES ABYMES CHAZEAU_SAPC",16.2875,-61.453167,95,20250228,2.8,1,22.6,1,440,9,30.3,1,1448,9,25.2,1,26.5,1,7.7,1,,,,,0,9,,,,,,,,,,,,,,,,,,,,,,,,,,,,,,
97101015,97101015,"LE RAIZET AERO",16.264,-61.516333,11,20250304,5.2,1,21.7,1,349,9,29.9,1,1258,9,25.8,1,25.8,1,8.2,1,19,9,20.6,9,0,9,3.8,1,,,7.6,1,110,1,1042,9,11.8,1,110,1,1258,9,,,,,,,11.3,1,,,1258,9,123,9
97101015,97101015,"LE RAIZET AERO",16.264,-61.516333,11,20250302,3.6,1,22.2,1,531,9,28.7,1,1252,9,24.9,1,25.5,1,6.5,1,20.6,9,21.4,9,0,9,4,1,,,10.6,1,110,1,1045,9,15.9,1,110,1,1039,9,,,,,,,14.6,1,,,1039,9,75,9
97101014,97101014,"LES ABYMES CHAZEAU_SAPC",16.2875,-61.453167,95,20250303,0.4,1,21.4,1,534,9,30.7,1,1300,9,25,1,26.1,1,9.3,1,,,,,0,9,,,,,,,,,,,,,,,,,,,,,,,,,,,,,,
97101014,97101014,"LES ABYMES CHAZEAU_SAPC",16.2875,-61.453167,95,20250304,2.6,1,21.9,1,439,9,31.1,1,1258,9,25.6,1,26.5,1,9.2,1,,,,,0,9,,,,,,,,,,,,,,,,,,,,,,,,,,,,,,
97101015,97101015,"LE RAIZET AERO",16.264,-61.516333,11,20250303,0,1,21.9,1,56,9,29.9,1,1326,9,25.3,1,25.9,1,8,1,18.2,9,20.6,9,0,9,2.9,1,,,7.5,1,110,1,1539,9,10.6,1,100,1,1154,9,,,,,,,10.1,1,,,1159,9,22,9
97101015,97101015,"LE RAIZET AERO",16.264,-61.516333,11,20250305,0.2,1,22.3,1,55,9,29.1,1,1330,9,25.6,1,25.7,1,6.8,1,20.5,9,21.5,9,0,9,4.3,1,,,8.4,1,130,1,1704,9,12.6,1,140,1,1313,9,,,,,,,11,1,,,1116,9,20,9
97101014,97101014,"LES ABYMES CHAZEAU_SAPC",16.2875,-61.453167,95,20250305,0,1,22,1,636,9,29.9,1,1455,9,25.2,1,26,1,7.9,1,,,,,0,9,,,,,,,,,,,,,,,,,,,,,,,,,,,,,,
97119008,97119008,"PETIT-CANAL GODET-INRAE",16.405,-61.481667,35,20250227,0,1,22.2,1,500,9,29.4,1,1400,9,25.3,1,25.8,1,7.2,1,19.7,9,21.3,9,,,,,2,9,,,,,,,,,,,,,8,9,110,9,1436,9,,,,,,,,
97101014,97101014,"LES ABYMES CHAZEAU_SAPC",16.2875,-61.453167,95,20250306,0.2,1,23.7,1,12,9,30.4,1,1328,9,25.7,1,27.1,1,6.7,1,,,,,0,9,,,,,,,,,,,,,,,,,,,,,,,,,,,,,,
97119008,97119008,"PETIT-CANAL GODET-INRAE",16.405,-61.481667,35,20250301,3.5,1,22.1,1,100,9,28.9,1,1200,9,25.7,1,25.5,1,6.8,1,20.8,9,21.7,9,,,,,2.9,9,,,,,,,,,,,,,10,9,140,9,1536,9,,,,,,,,
97101015,97101015,"LE RAIZET AERO",16.264,-61.516333,11,20250306,0,1,23.9,1,227,9,29.6,1,1353,9,26,1,26.8,1,5.7,1,21.1,9,22.4,9,0,9,3.9,1,,,8.1,1,130,1,1012,9,12.2,1,150,1,1124,9,,,,,,,11.2,1,,,1124,9,2,9
97119008,97119008,"PETIT-CANAL GODET-INRAE",16.405,-61.481667,35,20250228,3.5,1,22.8,1,0,9,29.5,1,1400,9,25.6,1,26.2,1,6.7,1,20.1,9,21.9,9,,,,,2.6,9,,,,,,,,,,,,,10,9,150,9,1518,9,,,,,,,,
97119008,97119008,"PETIT-CANAL GODET-INRAE",16.405,-61.481667,35,20250226,1.5,1,22.3,1,2200,9,28.7,1,1400,9,24.8,1,25.5,1,6.4,1,21.4,9,21.8,9,,,,,1.7,9,,,,,,,,,,,,,8,9,140,9,1336,9,,,,,,,,
97119008,97119008,"PETIT-CANAL GODET-INRAE",16.405,-61.481667,35,20250302,8,1,21.7,1,700,9,28.5,1,1400,9,24.3,1,25.1,1,6.8,1,20.8,9,21.2,9,,,,,2.4,9,,,,,,,,,,,,,12,9,100,9,1254,9,,,,,,,,
97101014,97101014,"LES ABYMES CHAZEAU_SAPC",16.2875,-61.453167,95,20250307,0.6,1,22.6,1,541,9,30.9,1,1108,9,25.1,1,26.8,1,8.3,1,,,,,0,9,,,,,,,,,,,,,,,,,,,,,,,,,,,,,,
97101015,97101015,"LE RAIZET AERO",16.264,-61.516333,11,20250307,0.8,1,21.1,1,554,9,29.6,1,1122,9,25.1,1,25.4,1,8.5,1,17.8,9,19.8,9,0,9,2.3,1,,,5.9,1,90,1,1412,9,9.6,1,160,1,1133,9,,,,,,,8.6,1,,,1133,9,50,9
97101014,97101014,"LES ABYMES CHAZEAU_SAPC",16.2875,-61.453167,95,20250308,1.8,1,22.4,1,621,9,29.8,1,1218,9,24.7,1,26.1,1,7.4,1,,,,,0,9,,,,,,,,,,,,,,,,,,,,,,,,,,,,,,
97101015,97101015,"LE RAIZET AERO",16.264,-61.516333,11,20250308,4.8,1,21,1,547,9,28.9,1,1511,9,24.2,1,25,1,7.9,1,17.7,9,19.8,9,0,9,1.7,1,,,5.6,1,120,1,951,9,9.9,1,110,1,1036,9,,,,,,,8.7,1,,,1036,9,87,9
97101014,97101014,"LES ABYMES CHAZEAU_SAPC",16.2875,-61.453167,95,20250309,0,1,21.8,1,546,9,30.9,1,1130,9,25.1,1,26.4,1,9.1,1,,,,,0,9,,,,,,,,,,,,,,,,,,,,,,,,,,,,,,
97101015,97101015,"LE RAIZET AERO",16.264,-61.516333,11,20250309,0,1,19.8,1,422,9,29.6,1,1112,9,24.4,1,24.7,1,9.8,1,17.1,9,18.8,9,0,9,2.2,1,,,6.3,1,100,1,1608,9,9.8,1,80,1,1559,9,,,,,,,9.1,1,,,1559,9,0,9
97101014,97101014,"LES ABYMES CHAZEAU_SAPC",16.2875,-61.453167,95,20250310,0,1,21.9,1,137,9,30.1,1,1537,9,25.1,1,26,1,8.2,1,,,,,0,9,,,,,,,,,,,,,,,,,,,,,,,,,,,,,,
97101015,97101015,"LE RAIZET AERO",16.264,-61.516333,11,20250310,0.4,1,19.5,1,601,9,29.5,1,1106,9,24.5,1,24.5,1,10,1,16,9,18.4,9,0,9,2.6,1,,,6.5,1,60,1,1119,9,10.3,1,50,1,1102,9,,,,,,,9.6,1,,,1140,9,17,9
97101015,97101015,"LE RAIZET AERO",16.264,-61.516333,11,20250311,0,1,19.7,1,227,9,29.4,1,1247,9,25.5,1,24.6,1,9.7,1,15.9,9,18.7,9,0,9,3.8,1,,,8.5,1,120,1,1145,9,12.5,1,120,1,1142,9,,,,,,,11.5,1,,,1142,9,6,9
97101014,97101014,"LES ABYMES CHAZEAU_SAPC",16.2875,-61.453167,95,20250311,0.2,1,22.3,1,243,9,31.5,1,1149,9,25.8,1,26.9,1,9.2,1,,,,,0,9,,,,,,,,,,,,,,,,,,,,,,,,,,,,,,
97101014,97101014,"LES ABYMES CHAZEAU_SAPC",16.2875,-61.453167,95,20250312,0,1,22.5,1,300,9,32.7,1,1206,9,26.2,1,27.6,1,10.2,1,,,,,0,9,,,,,,,,,,,,,,,,,,,,,,,,,,,,,,
97101015,97101015,"LE RAIZET AERO",16.264,-61.516333,11,20250312,0,1,22.9,1,437,9,30,1,1107,9,26.2,1,26.5,1,7.1,1,20.3,9,22.4,9,0,9,3,1,,,6.8,1,140,1,1408,9,10.6,1,140,1,1402,9,,,,,,,9.8,1,,,1413,9,5,9
97119008,97119008,"PETIT-CANAL GODET-INRAE",16.405,-61.481667,35,20250311,0,1,21.8,1,2100,9,29.6,1,1400,9,25.8,1,25.7,1,7.8,1,19.2,9,20.8,9,,,,,2.5,9,,,,,,,,,,,,,10,9,60,9,1206,9,,,,,,,,
97119008,97119008,"PETIT-CANAL GODET-INRAE",16.405,-61.481667,35,20250309,0,1,20.7,1,400,9,29.6,1,1300,9,24.7,1,25.2,1,8.9,1,18.3,9,19.4,9,,,,,1.6,9,,,,,,,,,,,,,8,9,90,9,1254,9,,,,,,,,
97119008,97119008,"PETIT-CANAL GODET-INRAE",16.405,-61.481667,35,20250312,0,1,22.7,1,500,9,30.8,1,1200,9,25.9,1,26.8,1,8.1,1,20,9,21.3,9,,,,,1.6,9,,,,,,,,,,,,,8,9,90,9,1406,9,,,,,,,,
97119008,97119008,"PETIT-CANAL GODET-INRAE",16.405,-61.481667,35,20250313,1.5,1,21.3,1,,,31.3,1,,,25.5,1,26.3,1,10,1,18.2,9,19,9,,,,,1.3,9,,,,,,,,,,,,,6,9,130,9,1700,9,,,,,,,,
97119008,97119008,"PETIT-CANAL GODET-INRAE",16.405,-61.481667,35,20250308,0.5,1,21.3,1,600,9,29.5,1,1200,9,24.8,1,25.4,1,8.2,1,18.7,9,20.7,9,,,,,1.4,9,,,,,,,,,,,,,7,9,120,9,1554,9,,,,,,,,
97119008,97119008,"PETIT-CANAL GODET-INRAE",16.405,-61.481667,35,20250304,2.5,1,21.2,1,300,9,29.8,1,1300,9,25.3,1,25.5,1,8.6,1,19.3,9,20.5,9,,,,,2.1,9,,,,,,,,,,,,,8,9,160,9,1506,9,,,,,,,,
97119008,97119008,"PETIT-CANAL GODET-INRAE",16.405,-61.481667,35,20250310,1,1,21.1,1,300,9,29.6,1,1400,9,24.8,1,25.4,1,8.5,1,17.8,9,19.6,9,,,,,1.7,9,,,,,,,,,,,,,9,9,120,9,1224,9,,,,,,,,
97101015,97101015,"LE RAIZET AERO",16.264,-61.516333,11,20250313,0.2,1,21.5,1,603,9,30.4,1,1246,9,25.4,1,26,1,8.9,1,17.5,9,20,9,0,9,2.1,1,,,5.1,1,170,1,1307,9,11.7,1,140,1,1020,9,,,,,,,9.3,1,,,1020,9,55,9
97119008,97119008,"PETIT-CANAL GODET-INRAE",16.405,-61.481667,35,20250305,1,1,22.3,1,400,9,29.8,1,1500,9,25.3,1,26.1,1,7.5,1,20.5,9,21.6,9,,,,,2.1,9,,,,,,,,,,,,,9,9,150,9,1412,9,,,,,,,,
97119008,97119008,"PETIT-CANAL GODET-INRAE",16.405,-61.481667,35,20250306,0,1,23.8,1,0,9,29.5,1,1000,9,25.7,1,26.7,1,5.7,1,22.2,9,23.4,9,,,,,2.4,9,,,,,,,,,,,,,8,9,130,9,1442,9,,,,,,,,
97119008,97119008,"PETIT-CANAL GODET-INRAE",16.405,-61.481667,35,20250307,0,1,21.3,1,0,9,29.9,1,1100,9,25.3,1,25.6,1,8.6,1,18.6,9,19.9,9,,,,,1.7,9,,,,,,,,,,,,,8,9,150,9,1306,9,,,,,,,,
97101014,97101014,"LES ABYMES CHAZEAU_SAPC",16.2875,-61.453167,95,20250313,3.4,1,22.2,1,454,9,32.8,1,1345,9,25.4,1,27.5,1,10.6,1,,,,,0,9,,,,,,,,,,,,,,,,,,,,,,,,,,,,,,
97119008,97119008,"PETIT-CANAL GODET-INRAE",16.405,-61.481667,35,20250303,0,1,21.7,1,600,9,29.7,1,1300,9,24.7,1,25.7,1,8,1,19.5,9,20.8,9,,,,,1.8,9,,,,,,,,,,,,,8,9,140,9,1536,9,,,,,,,,
97101015,97101015,"LE RAIZET AERO",16.264,-61.516333,11,20250314,0,1,21.5,1,53,9,30,1,1434,9,25.7,1,25.8,1,8.5,1,18.2,9,20.4,9,0,9,2.9,1,,,6.5,1,150,1,1239,9,10.9,1,140,1,1221,9,,,,,,,9.9,1,,,1221,9,0,9
97119008,97119008,"PETIT-CANAL GODET-INRAE",16.405,-61.481667,35,20250314,0,1,22,1,,,30.2,1,,,25.4,1,26.1,1,8.2,1,19.3,9,20.6,9,,,,,1.7,9,,,,,,,,,,,,,8,9,130,9,1354,9,,,,,,,,
97101014,97101014,"LES ABYMES CHAZEAU_SAPC",16.2875,-61.453167,95,20250314,0,1,21.4,1,310,9,31.4,1,1317,9,25.5,1,26.4,1,10,1,,,,,0,9,,,,,,,,,,,,,,,,,,,,,,,,,,,,,,
97119008,97119008,"PETIT-CANAL GODET-INRAE",16.405,-61.481667,35,20250315,0,1,21,1,,,30.2,1,,,25.6,1,25.6,1,9.2,1,17.9,9,19.1,9,,,,,1.1,9,,,,,,,,,,,,,7,9,100,9,1218,9,,,,,,,,
97101014,97101014,"LES ABYMES CHAZEAU_SAPC",16.2875,-61.453167,95,20250315,0,1,21.9,1,521,9,31.9,1,1134,9,26,1,26.9,1,10,1,,,,,,,,,,,,,,,,,,,,,,,,,,,,,,,,,,,,
97101015,97101015,"LE RAIZET AERO",16.264,-61.516333,11,20250315,0,1,20.4,1,501,9,30.2,1,1228,9,25.2,1,25.3,1,9.8,1,16.6,9,19.1,9,0,9,2.2,1,,,6.2,1,180,1,1241,9,11.4,1,170,1,1506,9,,,,,,,10.7,1,,,1510,9,0,9
97119008,97119008,"PETIT-CANAL GODET-INRAE",16.405,-61.481667,35,20250316,0,1,20.5,1,,,30.4,1,,,25,1,25.5,1,9.9,1,17.4,9,18.3,9,,,,,0.8,9,,,,,,,,,,,,,6,9,110,9,1254,9,,,,,,,,
97101015,97101015,"LE RAIZET AERO",16.264,-61.516333,11,20250316,0,1,20.1,1,607,9,30.2,1,1129,9,24.9,1,25.2,1,10.1,1,17.4,9,18.9,9,0,9,1.4,1,,,3.8,1,210,1,1013,9,6.6,1,280,1,1138,9,,,,,,,6.1,1,,,1138,9,0,9
97101014,97101014,"LES ABYMES CHAZEAU_SAPC",16.2875,-61.453167,95,20250316,0.6,1,22.1,1,553,9,32.4,1,1156,9,25.3,1,27.3,1,10.3,1,,,,,0,9,,,,,,,,,,,,,,,,,,,,,,,,,,,,,,
97101015,97101015,"LE RAIZET AERO",16.264,-61.516333,11,20250317,0,1,20.3,1,309,9,30.5,1,1151,9,25,1,25.4,1,10.2,1,17.7,9,19.4,9,0,9,1.8,1,,,5.5,1,340,1,1305,9,10.1,1,320,1,1457,9,,,,,,,8,1,,,1313,9,0,9
97101015,97101015,"LE RAIZET AERO",16.264,-61.516333,11,20250318,0.2,1,19.7,1,525,9,30.8,1,1311,9,25.3,1,25.3,1,11.1,1,16.2,9,18.6,9,0,9,2.1,1,,,5.5,1,180,1,1255,9,10.8,1,160,1,1349,9,,,,,,,10,1,,,1349,9,0,9
97101014,97101014,"LES ABYMES CHAZEAU_SAPC",16.2875,-61.453167,95,20250317,0.2,1,22.1,1,336,9,31.5,1,1053,9,25.3,1,26.8,1,9.4,1,,,,,0,9,,,,,,,,,,,,,,,,,,,,,,,,,,,,,,
97101014,97101014,"LES ABYMES CHAZEAU_SAPC",16.2875,-61.453167,95,20250319,0,1,22.7,1,533,9,32.8,1,1040,9,26.1,1,27.8,1,10.1,1,,,,,0,9,,,,,,,,,,,,,,,,,,,,,,,,,,,,,,
97101014,97101014,"LES ABYMES CHAZEAU_SAPC",16.2875,-61.453167,95,20250318,0,1,21.4,1,520,9,31.6,1,1313,9,25.9,1,26.5,1,10.2,1,,,,,0,9,,,,,,,,,,,,,,,,,,,,,,,,,,,,,,
97101015,97101015,"LE RAIZET AERO",16.264,-61.516333,11,20250319,0,1,21.5,1,516,9,30.6,1,1031,9,25.8,1,26.1,1,9.1,1,17.5,9,20.4,9,0,9,1.6,1,,,6,1,190,1,1134,1,9.3,1,210,1,1102,1,,,,,,,8.8,1,,,1132,1,,
97101014,97101014,"LES ABYMES CHAZEAU_SAPC",16.2875,-61.453167,95,20250320,0.4,1,22.9,1,627,9,33.6,1,1306,9,26.8,1,28.3,1,10.7,1,,,,,0,9,,,,,,,,,,,,,,,,,,,,,,,,,,,,,,
97101015,97101015,"LE RAIZET AERO",16.264,-61.516333,11,20250320,0.2,1,21.8,1,521,9,30.9,1,1154,9,26.3,1,26.4,1,9.1,1,17.6,9,20.7,9,0,9,2.6,1,,,6.1,1,170,1,1232,9,10.2,1,150,1,1353,9,,,,,,,9.1,1,,,1232,9,0,9
97101015,97101015,"LE RAIZET AERO",16.264,-61.516333,11,20250321,0.2,1,23.5,1,245,9,31.5,1,1354,9,27,1,27.5,1,8,1,19.5,9,22.3,9,0,9,3.6,1,,,7.4,1,130,1,946,9,11.1,1,170,1,952,9,,,,,,,10.6,1,,,952,9,8,9
97101015,97101015,"LE RAIZET AERO",16.264,-61.516333,11,20250322,0.8,1,22.8,1,621,9,31,1,1341,9,26.7,1,26.9,1,8.2,1,17.9,9,21.6,9,0,9,3.7,1,,,7.9,1,120,1,935,9,12.3,1,120,1,1247,9,,,,,,,10.7,1,,,1055,9,13,9
97101014,97101014,"LES ABYMES CHAZEAU_SAPC",16.2875,-61.453167,95,20250321,0.2,1,23.8,1,306,9,33.3,1,1257,9,27.2,1,28.6,1,9.5,1,,,,,0,9,,,,,,,,,,,,,,,,,,,,,,,,,,,,,,
97101015,97101015,"LE RAIZET AERO",16.264,-61.516333,11,20250323,0,1,21.1,1,643,9,31.2,1,1220,9,26.4,1,26.2,1,10.1,1,16.5,9,20.2,9,0,9,3.7,1,,,9.2,1,100,1,1004,9,13.9,1,120,1,1439,9,,,,,,,12.6,1,,,1000,9,0,9
97101015,97101015,"LE RAIZET AERO",16.264,-61.516333,11,20250324,2,1,24,1,603,9,30.9,1,1246,9,26.4,1,27.5,1,6.9,1,18.2,9,22.4,9,0,9,4.3,1,,,8.9,1,110,1,1123,9,14.6,1,120,1,1638,9,,,,,,,13.6,1,,,1638,9,40,9
97101014,97101014,"LES ABYMES CHAZEAU_SAPC",16.2875,-61.453167,95,20250322,0.5,1,23.6,1,540,9,32.9,1,1220,9,27.1,1,28.3,1,9.3,1,,,,,0,9,,,,,,,,,,,,,,,,,,,,,,,,,,,,,,
97101015,97101015,"LE RAIZET AERO",16.264,-61.516333,11,20250325,0.2,1,22.8,1,1904,9,30.8,1,1310,9,26.2,1,26.8,1,8,1,19.5,9,21.3,9,0,9,5.6,1,,,10.8,1,120,1,1333,9,18.4,1,110,1,1721,9,,,,,,,17.5,1,,,1721,9,25,9
97101014,97101014,"LES ABYMES CHAZEAU_SAPC",16.2875,-61.453167,95,20250323,0,1,23.5,1,443,9,32.4,1,1226,9,26.9,1,28,1,8.9,1,,,,,0,9,,,,,,,,,,,,,,,,,,,,,,,,,,,,,,
97101014,97101014,"LES ABYMES CHAZEAU_SAPC",16.2875,-61.453167,95,20250325,1.8,1,21.6,1,1912,9,31.5,1,1342,9,25.2,1,26.6,1,9.9,1,,,,,,,,,,,,,,,,,,,,,,,,,,,,,,,,,,,,
97101014,97101014,"LES ABYMES CHAZEAU_SAPC",16.2875,-61.453167,95,20250324,2.2,1,23.2,1,1815,9,32,1,1334,9,26,1,27.6,1,8.8,1,,,,,0,9,,,,,,,,,,,,,,,,,,,,,,,,,,,,,,
97101015,97101015,"LE RAIZET AERO",16.264,-61.516333,11,20250326,5.6,1,23.5,1,611,9,30.7,1,1348,9,26.8,1,27.1,1,7.2,1,18.2,9,22.4,9,0,9,4.9,1,,,8.6,1,130,1,1135,9,13.8,1,130,1,1150,9,,,,,,,12.2,1,,,924,9,94,9
97101015,97101015,"LE RAIZET AERO",16.264,-61.516333,11,20250327,2.2,1,23.2,1,316,9,30,1,1423,9,26,1,26.6,1,6.8,1,19.4,9,21.9,9,0,9,4.1,1,,,8.1,1,120,1,1407,9,12.8,1,150,1,413,9,,,,,,,11.6,1,,,842,9,48,9
97119008,97119008,"PETIT-CANAL GODET-INRAE",16.405,-61.481667,35,20250321,0,1,22.9,1,600,9,31.3,1,1200,9,26.6,1,27.1,1,8.4,1,20.2,9,21.9,9,,,,,2.1,9,,,,,,,,,,,,,8,9,150,9,1600,9,,,,,,,,
97119008,97119008,"PETIT-CANAL GODET-INRAE",16.405,-61.481667,35,20250318,0,1,19.9,1,400,9,31.8,1,1100,9,25.1,1,25.9,1,11.9,1,16.2,9,18.2,9,,,,,0.7,9,,,,,,,,,,,,,4,9,320,9,1636,9,,,,,,,,
97101014,97101014,"LES ABYMES CHAZEAU_SAPC",16.2875,-61.453167,95,20250327,0.4,1,22.3,1,243,9,32.2,1,1255,9,25.8,1,27.3,1,9.9,1,,,,,0,9,,,,,,,,,,,,,,,,,,,,,,,,,,,,,,
97119008,97119008,"PETIT-CANAL GODET-INRAE",16.405,-61.481667,35,20250317,0,1,20.8,1,300,9,30.8,1,1200,9,25.5,1,25.8,1,10,1,18.2,9,19.9,9,,,,,1,9,,,,,,,,,,,,,7,9,300,9,1336,9,,,,,,,,
97119008,97119008,"PETIT-CANAL GODET-INRAE",16.405,-61.481667,35,20250320,0,1,21.4,1,500,9,33,1,1200,9,26.3,1,27.2,1,11.6,1,19.3,9,20.1,9,,,,,1,9,,,,,,,,,,,,,6,9,320,9,1336,9,,,,,,,,
97101014,97101014,"LES ABYMES CHAZEAU_SAPC",16.2875,-61.453167,95,20250326,1,1,22.5,1,2001,9,32.2,1,1245,9,26.8,1,27.4,1,9.7,1,,,,,,,,,,,,,,,,,,,,,,,,,,,,,,,,,,,,
97119008,97119008,"PETIT-CANAL GODET-INRAE",16.405,-61.481667,35,20250319,0,1,20.9,1,400,9,31,1,1100,9,25.3,1,26,1,10.1,1,18.5,9,19.5,9,,,,,0.9,9,,,,,,,,,,,,,5,9,130,9,1206,9,,,,,,,,
97119008,97119008,"PETIT-CANAL GODET-INRAE",16.405,-61.481667,35,20250322,0,1,22.9,1,600,9,31.6,1,1200,9,26.8,1,27.3,1,8.7,1,20.2,9,21.9,9,,,,,2.4,9,,,,,,,,,,,,,9,9,140,9,1118,9,,,,,,,,
97119008,97119008,"PETIT-CANAL GODET-INRAE",16.405,-61.481667,35,20250323,0,1,24.6,1,200,9,30.4,1,1100,9,27.2,1,27.5,1,5.8,1,22.5,9,23.7,9,,,,,2.8,9,,,,,,,,,,,,,10,9,140,9,1336,9,,,,,,,,
97101015,97101015,"LE RAIZET AERO",16.264,-61.516333,11,20250328,3.4,1,22,1,239,9,30.3,1,1211,9,26,1,26.2,1,8.3,1,16.8,9,20.4,9,0,9,3.8,1,,,10,1,110,1,1249,9,14,1,120,1,1242,9,,,,,,,13.3,1,,,1242,9,40,9
97101014,97101014,"LES ABYMES CHAZEAU_SAPC",16.2875,-61.453167,95,20250328,2.2,1,23.1,1,200,9,33,1,1201,9,26,1,28.1,1,9.9,1,,,,,0,9,,,,,,,,,,,,,,,,,,,,,,,,,,,,,,
97101015,97101015,"LE RAIZET AERO",16.264,-61.516333,11,20250329,1,1,21.9,1,553,9,29.7,1,1244,9,25.7,1,25.8,1,7.8,1,17.4,9,20.4,9,0,9,4,1,,,8.6,1,110,1,1242,9,13.4,1,60,1,1113,9,,,,,,,12.8,1,,,1113,9,81,9
97101014,97101014,"LES ABYMES CHAZEAU_SAPC",16.2875,-61.453167,95,20250329,0.2,1,21.4,1,433,9,31.1,1,1249,9,25.7,1,26.3,1,9.7,1,,,,,0,9,,,,,,,,,,,,,,,,,,,,,,,,,,,,,,
97101014,97101014,"LES ABYMES CHAZEAU_SAPC",16.2875,-61.453167,95,20250330,0.2,1,23.1,1,711,9,31.1,1,1324,9,26,1,27.1,1,8,1,,,,,0,9,,,,,,,,,,,,,,,,,,,,,,,,,,,,,,
97101015,97101015,"LE RAIZET AERO",16.264,-61.516333,11,20250330,2,1,23.5,1,733,9,30.3,1,1221,9,26,1,26.9,1,6.8,1,18.7,9,22.1,9,0,9,4.9,1,,,8.7,1,110,1,1029,9,14.1,1,60,1,1138,9,,,,,,,13.2,1,,,1210,9,63,9
97101015,97101015,"LE RAIZET AERO",16.264,-61.516333,11,20250401,12.7,1,22.8,1,2158,9,29.1,1,1423,9,25.3,1,26,1,6.3,1,18.1,9,21.3,9,0,9,4.8,1,,,9.9,1,110,1,1552,9,18.1,1,120,1,1118,9,,,,,,,17,1,,,1118,9,124,9
97101014,97101014,"LES ABYMES CHAZEAU_SAPC",16.2875,-61.453167,95,20250331,11,1,21.7,1,1906,9,30.3,1,1300,9,24.7,1,26,1,8.6,1,,,,,0,9,,,,,,,,,,,,,,,,,,,,,,,,,,,,,,
97101014,97101014,"LES ABYMES CHAZEAU_SAPC",16.2875,-61.453167,95,20250401,22.4,1,21.8,1,2249,9,28.4,1,910,9,24,1,25.1,1,6.6,1,,,,,0,9,,,,,,,,,,,,,,,,,,,,,,,,,,,,,,
97101015,97101015,"LE RAIZET AERO",16.264,-61.516333,11,20250331,7.8,1,22.2,1,519,9,29.8,1,1246,9,25.4,1,26,1,7.6,1,18,9,20.6,9,0,9,4.7,1,,,11.1,1,100,1,829,9,16.8,1,120,1,821,9,,,,,,,16,1,,,823,9,105,9
97101014,97101014,"LES ABYMES CHAZEAU_SAPC",16.2875,-61.453167,95,20250402,3,1,20.8,1,446,9,29.7,1,1422,9,24.9,1,25.3,1,8.9,1,,,,,0,9,,,,,,,,,,,,,,,,,,,,,,,,,,,,,,
97101015,97101015,"LE RAIZET AERO",16.264,-61.516333,11,20250402,1.8,1,21.9,1,427,9,29.9,1,1255,9,26,1,25.9,1,8,1,18.8,9,21.1,9,0,9,5.5,1,,,9.6,1,70,1,1453,9,14.4,1,70,1,1441,9,,,,,,,13.3,1,,,1310,9,45,9
97119008,97119008,"PETIT-CANAL GODET-INRAE",16.405,-61.481667,35,20250327,0,1,23.6,1,300,9,29.8,1,1100,9,26.4,1,26.7,1,6.2,1,20.7,9,22.7,9,,,,,2.8,9,,,,,,,,,,,,,10,9,140,9,1218,9,,,,,,,,
97119008,97119008,"PETIT-CANAL GODET-INRAE",16.405,-61.481667,35,20250326,2,1,24.7,1,500,9,30.7,1,1200,9,27,1,27.7,1,6,1,22.3,9,24.3,9,,,,,3.1,9,,,,,,,,,,,,,10,9,110,9,1406,9,,,,,,,,
97119008,97119008,"PETIT-CANAL GODET-INRAE",16.405,-61.481667,35,20250328,0.5,1,23.8,1,600,9,31,1,1100,9,26.7,1,27.4,1,7.2,1,21.6,9,23.2,9,,,,,2.6,9,,,,,,,,,,,,,9,9,110,9,1542,9,,,,,,,,
97101014,97101014,"LES ABYMES CHAZEAU_SAPC",16.2875,-61.453167,95,20250403,12.2,1,21.9,1,20,9,29.8,1,1133,9,25.1,1,25.9,1,7.9,1,,,,,0,9,,,,,,,,,,,,,,,,,,,,,,,,,,,,,,
97119008,97119008,"PETIT-CANAL GODET-INRAE",16.405,-61.481667,35,20250325,1.5,1,23.6,1,1900,9,30,1,1400,9,26.6,1,26.8,1,6.4,1,22.1,9,23.4,9,,,,,3.9,9,,,,,,,,,,,,,13,9,140,9,1006,9,,,,,,,,
97119008,97119008,"PETIT-CANAL GODET-INRAE",16.405,-61.481667,35,20250329,3.5,1,23.1,1,200,9,30,1,1300,9,26,1,26.6,1,6.9,1,20.3,9,21.6,9,,,,,2.8,9,,,,,,,,,,,,,10,9,100,9,1342,9,,,,,,,,
97119008,97119008,"PETIT-CANAL GODET-INRAE",16.405,-61.481667,35,20250324,0,1,24.7,1,0,9,30.2,1,1200,9,27,1,27.5,1,5.5,1,22.8,9,23.6,9,,,,,3.2,9,,,,,,,,,,,,,12,9,80,9,1054,9,,,,,,,,
97119008,97119008,"PETIT-CANAL GODET-INRAE",16.405,-61.481667,35,20250330,0.5,1,24,1,2100,9,29.9,1,1200,9,26.5,1,27,1,5.9,1,20.7,9,21,9,,,,,3.5,9,,,,,,,,,,,,,11,9,100,9,1112,9,,,,,,,,
97101015,97101015,"LE RAIZET AERO",16.264,-61.516333,11,20250403,10.7,1,23.3,1,2351,9,29.5,1,1134,9,26,1,26.4,1,6.2,1,18.5,9,21.5,9,0,9,5.9,1,,,10.8,1,70,1,1002,9,16.4,1,80,1,1252,9,,,,,,,15.1,1,,,1610,9,125,9
97101015,97101015,"LE RAIZET AERO",16.264,-61.516333,11,20250404,7.4,1,21.6,1,437,9,28.9,1,1450,9,25.3,1,25.3,1,7.3,1,18.6,9,20.5,9,0,9,5.6,1,,,9.9,1,90,1,1108,9,16.2,1,70,1,1429,9,,,,,,,14.7,1,,,432,9,96,9
97101015,97101015,"LE RAIZET AERO",16.264,-61.516333,11,20250405,7,1,22.1,1,215,9,29.4,1,1350,9,24.3,1,25.8,1,7.3,1,16.6,9,20.6,9,0,9,2.9,1,,,8.4,1,110,1,1015,9,14.7,1,50,1,608,9,,,,,,,13.7,1,,,610,9,189,9
97101014,97101014,"LES ABYMES CHAZEAU_SAPC",16.2875,-61.453167,95,20250405,6,1,21.7,1,1946,9,29.2,1,1402,9,23.9,1,25.5,1,7.5,1,,,,,0,9,,,,,,,,,,,,,,,,,,,,,,,,,,,,,,
97101015,97101015,"LE RAIZET AERO",16.264,-61.516333,11,20250406,1.2,1,20.1,1,605,9,29.4,1,1342,9,25.1,1,24.8,1,9.3,1,15.9,9,19,9,0,9,3.5,1,,,8.1,1,70,1,1210,9,12.5,1,80,1,1226,9,,,,,,,11.4,1,,,1226,9,39,9
97101014,97101014,"LES ABYMES CHAZEAU_SAPC",16.2875,-61.453167,95,20250404,10.3,1,21,1,432,9,28.9,1,1319,9,24.3,1,25,1,7.9,1,,,,,0,9,,,,,,,,,,,,,,,,,,,,,,,,,,,,,,
97101014,97101014,"LES ABYMES CHAZEAU_SAPC",16.2875,-61.453167,95,20250406,2.2,1,20.7,1,435,9,29.6,1,1346,9,24.8,1,25.2,1,8.9,1,,,,,0,9,,,,,,,,,,,,,,,,,,,,,,,,,,,,,,
97101014,97101014,"LES ABYMES CHAZEAU_SAPC",16.2875,-61.453167,95,20250407,0,1,21.4,1,401,9,30.4,1,1254,9,25.2,1,25.9,1,9,1,,,,,0,9,,,,,,,,,,,,,,,,,,,,,,,,,,,,,,
97101015,97101015,"LE RAIZET AERO",16.264,-61.516333,11,20250407,0,1,20.9,1,610,9,29.5,1,1356,9,25.6,1,25.2,1,8.6,1,15.9,9,19.8,9,0,9,3.6,1,,,8,1,120,1,1141,9,11.6,1,100,1,1138,9,,,,,,,11,1,,,1138,9,0,9
97101015,97101015,"LE RAIZET AERO",16.264,-61.516333,11,20250408,1,1,21.4,1,551,9,29.8,1,1142,9,26.2,1,25.6,1,8.4,1,15.5,9,20.2,9,0,9,4.1,1,,,8.8,1,120,1,1410,9,13.7,1,120,1,1706,9,,,,,,,12.6,1,,,1518,9,139,9
97101014,97101014,"LES ABYMES CHAZEAU_SAPC",16.2875,-61.453167,95,20250408,3.4,1,22.7,1,524,9,31.1,1,1114,9,26.1,1,26.9,1,8.4,1,,,,,0,9,,,,,,,,,,,,,,,,,,,,,,,,,,,,,,
97101015,97101015,"LE RAIZET AERO",16.264,-61.516333,11,20250409,0.4,1,23.2,1,550,9,29.8,1,1353,9,25.9,1,26.5,1,6.6,1,18.9,9,22.4,9,0,9,4.2,1,,,8.9,1,120,1,1445,9,13.1,1,120,1,1442,9,,,,,,,12.7,1,,,1442,9,39,9
97101014,97101014,"LES ABYMES CHAZEAU_SAPC",16.2875,-61.453167,95,20250409,3.2,1,22.3,1,702,9,28.9,1,1340,9,24.6,1,25.6,1,6.6,1,,,,,0,9,,,,,,,,,,,,,,,,,,,,,,,,,,,,,,
97101015,97101015,"LE RAIZET AERO",16.264,-61.516333,11,20250410,0.2,1,24,1,416,9,30.1,1,1248,9,26.9,1,27.1,1,6.1,1,17.4,1,22.7,1,0,9,4.2,1,,,8.1,1,110,1,1115,9,12.2,1,100,1,1432,9,,,,,,,11.4,1,,,1432,9,11,9
97119008,97119008,"PETIT-CANAL GODET-INRAE",16.405,-61.481667,35,20250402,1.5,1,22.4,1,500,9,29.3,1,1300,9,25.9,1,25.9,1,6.9,1,21.1,9,21.7,9,,,,,3.3,9,,,,,,,,,,,,,10,9,90,9,1606,9,,,,,,,,
97119008,97119008,"PETIT-CANAL GODET-INRAE",16.405,-61.481667,35,20250404,2,1,22.3,1,500,9,28.3,1,1300,9,25.2,1,25.3,1,6,1,20.5,9,21.7,9,,,,,3.2,9,,,,,,,,,,,,,11,9,150,9,1318,9,,,,,,,,
97119008,97119008,"PETIT-CANAL GODET-INRAE",16.405,-61.481667,35,20250403,5.5,1,24.4,1,200,9,29.6,1,1300,9,26.3,1,27,1,5.2,1,21.3,9,24,9,,,,,3.5,9,,,,,,,,,,,,,11,9,130,9,1200,9,,,,,,,,
97119008,97119008,"PETIT-CANAL GODET-INRAE",16.405,-61.481667,35,20250405,6,1,23.2,1,700,9,27.5,1,900,9,24.7,1,25.4,1,4.3,1,21.6,9,22.9,9,,,,,2,9,,,,,,,,,,,,,9,9,110,9,1412,9,,,,,,,,
97101014,97101014,"LES ABYMES CHAZEAU_SAPC",16.2875,-61.453167,95,20250410,0.2,1,23.4,1,452,9,31.5,1,1158,9,26.5,1,27.5,1,8.1,1,,,,,0,9,,,,,,,,,,,,,,,,,,,,,,,,,,,,,,
97119008,97119008,"PETIT-CANAL GODET-INRAE",16.405,-61.481667,35,20250401,15.5,1,23,1,1600,9,28.3,1,900,9,25.3,1,25.7,1,5.3,1,20.5,9,22.3,9,,,,,3.2,9,,,,,,,,,,,,,12,9,150,9,1548,9,,,,,,,,
97119008,97119008,"PETIT-CANAL GODET-INRAE",16.405,-61.481667,35,20250331,3.5,1,23,1,200,9,29.7,1,1300,9,25.8,1,26.4,1,6.7,1,21,9,22.1,9,,,,,3.6,9,,,,,,,,,,,,,11,9,130,9,1206,9,,,,,,,,
97119008,97119008,"PETIT-CANAL GODET-INRAE",16.405,-61.481667,35,20250406,0,1,22.3,1,600,9,29,1,1200,9,25.7,1,25.7,1,6.7,1,19.6,9,21.4,9,,,,,2.5,9,,,,,,,,,,,,,10,9,60,9,1400,9,,,,,,,,
97101014,97101014,"LES ABYMES CHAZEAU_SAPC",16.2875,-61.453167,95,20250411,3.4,1,23.6,1,530,9,31.2,1,1155,9,25.7,1,27.4,1,7.6,1,,,,,0,9,,,,,,,,,,,,,,,,,,,,,,,,,,,,,,
97101014,97101014,"LES ABYMES CHAZEAU_SAPC",16.2875,-61.453167,95,20250412,0,1,22.6,1,551,9,31.1,1,1418,9,25.8,1,26.9,1,8.5,1,,,,,0,9,,,,,,,,,,,,,,,,,,,,,,,,,,,,,,
97101015,97101015,"LE RAIZET AERO",16.264,-61.516333,11,20250413,0,1,22.3,1,457,9,30.5,1,1312,9,26.2,1,26.4,1,8.2,1,15.6,1,20.9,1,0,9,3.8,1,,,7.8,1,140,1,1222,9,13.1,1,160,1,1320,9,,,,,,,12,1,,,1320,9,0,9
97101014,97101014,"LES ABYMES CHAZEAU_SAPC",16.2875,-61.453167,95,20250413,0,1,23,1,152,9,31.7,1,1333,9,26.3,1,27.4,1,8.7,1,,,,,0,9,,,,,,,,,,,,,,,,,,,,,,,,,,,,,,
97101015,97101015,"LE RAIZET AERO",16.264,-61.516333,11,20250412,0,1,23.9,1,350,9,30.5,1,1237,9,26.6,1,27.2,1,6.6,1,17.9,1,23.2,1,0,9,4.3,1,,,7.7,1,140,1,1419,9,11.7,1,140,1,1122,9,,,,,,,11.2,1,,,1122,9,10,9
97101015,97101015,"LE RAIZET AERO",16.264,-61.516333,11,20250411,0.2,1,23.4,1,402,9,30.1,1,1220,9,26.2,1,26.8,1,6.7,1,17.1,1,22.3,1,0,9,3.5,1,,,7.6,1,110,1,1451,9,10.6,1,160,1,1542,9,,,,,,,9.9,1,,,1343,9,41,9
97101014,97101014,"LES ABYMES CHAZEAU_SAPC",16.2875,-61.453167,95,20250414,3.8,1,23.2,1,300,9,31.5,1,913,9,25.2,1,27.4,1,8.3,1,,,,,0,9,,,,,,,,,,,,,,,,,,,,,,,,,,,,,,
97101015,97101015,"LE RAIZET AERO",16.264,-61.516333,11,20250414,0.8,1,21.9,1,545,9,30.6,1,1321,9,25.5,1,26.3,1,8.7,1,15.5,1,20.6,1,0,9,2.6,1,,,8.3,1,90,1,1527,9,11.5,1,100,1,1542,9,,,,,,,11.1,1,,,1543,9,46,9
97101015,97101015,"LE RAIZET AERO",16.264,-61.516333,11,20250416,1.4,1,23.1,1,652,9,30.2,1,1428,9,26.2,1,26.7,1,7.1,1,16.1,1,22,1,0,9,4.7,1,,,8.4,1,110,1,1525,9,12.5,1,110,1,1243,9,,,,,,,11.6,1,,,1243,9,68,9
97101014,97101014,"LES ABYMES CHAZEAU_SAPC",16.2875,-61.453167,95,20250416,0.2,1,22.5,1,727,9,31.4,1,1312,9,25.9,1,27,1,8.9,1,,,,,0,9,,,,,,,,,,,,,,,,,,,,,,,,,,,,,,
97101014,97101014,"LES ABYMES CHAZEAU_SAPC",16.2875,-61.453167,95,20250415,1.8,1,22.8,1,2101,9,30.8,1,1501,9,25.9,1,26.8,1,8,1,,,,,0,9,,,,,,,,,,,,,,,,,,,,,,,,,,,,,,
97101015,97101015,"LE RAIZET AERO",16.264,-61.516333,11,20250415,1.6,1,22.2,1,533,9,30.4,1,1347,9,26.4,1,26.3,1,8.2,1,15.2,1,20.9,1,0,9,4.2,1,,,8.6,1,130,1,1309,9,13,1,120,1,1122,9,,,,,,,12.1,1,,,1219,9,84,9
97119008,97119008,"PETIT-CANAL GODET-INRAE",16.405,-61.481667,35,20250407,1.5,1,23.4,1,600,9,29.3,1,1400,9,25.9,1,26.4,1,5.9,1,21.3,9,22.5,9,,,,,2.7,9,,,,,,,,,,,,,10,9,100,9,1436,9,,,,,,,,
97101014,97101014,"LES ABYMES CHAZEAU_SAPC",16.2875,-61.453167,95,20250417,0,1,22.8,1,426,9,31.5,1,1032,9,26.6,1,27.2,1,8.7,1,,,,,0,9,,,,,,,,,,,,,,,,,,,,,,,,,,,,,,
97101015,97101015,"LE RAIZET AERO",16.264,-61.516333,11,20250417,0,1,23.9,1,436,9,30.5,1,1314,9,26.9,1,27.2,1,6.6,1,19,9,22.9,9,0,9,5.1,1,,,9.8,1,130,1,1216,9,15,1,120,1,1247,9,,,,,,,13.3,1,,,1147,9,0,9
97119008,97119008,"PETIT-CANAL GODET-INRAE",16.405,-61.481667,35,20250412,1,1,24.1,1,500,9,29.4,1,1300,9,26.2,1,26.8,1,5.3,1,22.5,9,22.8,9,,,,,2.5,9,,,,,,,,,,,,,9,9,130,9,1318,9,,,,,,,,
97119008,97119008,"PETIT-CANAL GODET-INRAE",16.405,-61.481667,35,20250408,3.5,1,23.2,1,600,9,29.3,1,1200,9,26.1,1,26.3,1,6.1,1,21.1,9,22.3,9,,,,,2.7,9,,,,,,,,,,,,,10,9,100,9,1306,9,,,,,,,,
97119008,97119008,"PETIT-CANAL GODET-INRAE",16.405,-61.481667,35,20250409,2,1,23,1,700,9,28.2,1,1400,9,25.4,1,25.6,1,5.2,1,22.3,9,22.7,9,,,,,2.7,9,,,,,,,,,,,,,10,9,100,9,1612,9,,,,,,,,
97119008,97119008,"PETIT-CANAL GODET-INRAE",16.405,-61.481667,35,20250410,0,1,24.6,1,200,9,30.1,1,1200,9,26.7,1,27.4,1,5.5,1,22.9,9,24.2,9,,,,,2.6,9,,,,,,,,,,,,,9,9,90,9,1442,9,,,,,,,,
97119008,97119008,"PETIT-CANAL GODET-INRAE",16.405,-61.481667,35,20250411,8.5,1,23.4,1,300,9,29.2,1,1000,9,25.5,1,26.3,1,5.8,1,20.9,9,22.5,9,,,,,1.8,9,,,,,,,,,,,,,8,9,100,9,1554,9,,,,,,,,
97119008,97119008,"PETIT-CANAL GODET-INRAE",16.405,-61.481667,35,20250413,0.5,1,23.3,1,400,9,29.3,1,1400,9,26,1,26.3,1,6,1,20.5,9,21.5,9,,,,,2.2,9,,,,,,,,,,,,,8,9,110,9,1430,9,,,,,,,,
97101014,97101014,"LES ABYMES CHAZEAU_SAPC",16.2875,-61.453167,95,20250418,4.6,1,23.9,1,436,9,30.9,1,1319,9,26,1,27.4,1,7,1,,,,,0,9,,,,,,,,,,,,,,,,,,,,,,,,,,,,,,
97101015,97101015,"LE RAIZET AERO",16.264,-61.516333,11,20250419,0.2,1,23.4,1,602,9,31,1,1213,9,26.6,1,27.2,1,7.6,1,17.7,9,22.6,9,0,9,2.9,1,,,6.9,1,80,1,1535,9,9.5,1,170,1,1049,9,,,,,,,9.2,1,,,1328,9,8,9
97101014,97101014,"LES ABYMES CHAZEAU_SAPC",16.2875,-61.453167,95,20250419,1.2,1,23.3,1,504,9,31.3,1,1153,9,26.2,1,27.3,1,8,1,,,,,0,9,,,,,,,,,,,,,,,,,,,,,,,,,,,,,,
97101014,97101014,"LES ABYMES CHAZEAU_SAPC",16.2875,-61.453167,95,20250420,15.4,1,22.6,1,458,9,31.8,1,922,9,25,1,27.2,1,9.2,1,,,,,0,9,,,,,,,,,,,,,,,,,,,,,,,,,,,,,,
97101015,97101015,"LE RAIZET AERO",16.264,-61.516333,11,20250418,2,1,24.3,1,521,9,29.9,1,1238,9,26.6,1,27.1,1,5.6,1,17.4,1,23.2,1,0,9,4.2,1,,,8.1,1,130,1,1118,9,13,1,140,1,1115,9,,,,,,,12,1,,,1115,9,70,9
97101014,97101014,"LES ABYMES CHAZEAU_SAPC",16.2875,-61.453167,95,20250421,2.8,1,21.9,1,433,9,27.1,1,1005,9,23.6,1,24.5,1,5.2,1,,,,,0,9,,,,,,,,,,,,,,,,,,,,,,,,,,,,,,
97101015,97101015,"LE RAIZET AERO",16.264,-61.516333,11,20250420,39.8,1,22.4,1,512,9,29.7,1,951,9,25,1,26.1,1,7.3,1,15.7,1,21.3,1,0,9,1.8,1,,,5.9,1,160,1,1012,9,9,1,90,1,1052,9,,,,,,,8.5,1,,,1052,9,392,9
97101015,97101015,"LE RAIZET AERO",16.264,-61.516333,11,20250421,1.8,1,22.3,1,539,9,27.2,1,839,9,24.6,1,24.8,1,4.9,1,17,9,21.8,9,0,9,2.5,1,,,5.5,1,360,1,1214,9,8.7,1,350,1,1208,9,,,,,,,8.1,1,,,1210,9,124,9
97101014,97101014,"LES ABYMES CHAZEAU_SAPC",16.2875,-61.453167,95,20250422,0,1,21.5,1,330,9,31.2,1,1130,9,24.9,1,26.4,1,9.7,1,,,,,0,9,,,,,,,,,,,,,,,,,,,,,,,,,,,,,,
97101015,97101015,"LE RAIZET AERO",16.264,-61.516333,11,20250422,0,1,19.4,1,314,9,29.3,1,1253,9,24.4,1,24.4,1,9.9,1,13.7,9,18.6,9,0,9,1.9,1,,,5.4,1,320,1,1439,9,8.3,1,320,1,1151,9,,,,,,,7.3,1,,,1147,9,0,9
97101014,97101014,"LES ABYMES CHAZEAU_SAPC",16.2875,-61.453167,95,20250423,0,1,21.9,1,504,9,30,1,1259,9,25.5,1,26,1,8.1,1,,,,,0,9,,,,,,,,,,,,,,,,,,,,,,,,,,,,,,
97101015,97101015,"LE RAIZET AERO",16.264,-61.516333,11,20250423,0.6,1,20.8,1,450,9,29.6,1,1356,9,25.4,1,25.2,1,8.8,1,14.9,1,20.1,1,0,9,1.6,1,,,5.1,1,80,1,1719,9,7.4,1,80,1,1717,9,,,,,,,6.9,1,,,1715,9,58,9
97101015,97101015,"LE RAIZET AERO",16.264,-61.516333,11,20250424,0.8,1,23.3,1,458,9,29.6,1,1045,9,25.6,1,26.5,1,6.3,1,17.7,9,22.4,9,0,9,3.2,1,,,9.3,1,140,1,1241,9,13,1,120,1,1303,9,,,,,,,11.6,1,,,1310,9,27,9
97101014,97101014,"LES ABYMES CHAZEAU_SAPC",16.2875,-61.453167,95,20250424,0.8,1,22.5,1,457,9,30.5,1,1107,9,25,1,26.5,1,8,1,,,,,0,9,,,,,,,,,,,,,,,,,,,,,,,,,,,,,,
97101015,97101015,"LE RAIZET AERO",16.264,-61.516333,11,20250425,1.6,1,23.3,1,349,9,30,1,1120,9,25.9,1,26.7,1,6.7,1,18.4,9,22.8,9,0,9,2,1,,,6.3,1,120,1,1155,9,9,1,110,1,1153,9,,,,,,,8.3,1,,,1154,9,165,9
97101014,97101014,"LES ABYMES CHAZEAU_SAPC",16.2875,-61.453167,95,20250425,1.6,1,23.7,1,2137,9,30.4,1,1129,9,25.5,1,27.1,1,6.7,1,,,,,0,9,,,,,,,,,,,,,,,,,,,,,,,,,,,,,,
97101014,97101014,"LES ABYMES CHAZEAU_SAPC",16.2875,-61.453167,95,20250426,0.2,1,23.7,1,58,9,31,1,1425,9,26.1,1,27.4,1,7.3,1,,,,,0,9,,,,,,,,,,,,,,,,,,,,,,,,,,,,,,
97101015,97101015,"LE RAIZET AERO",16.264,-61.516333,11,20250426,0,1,24.3,1,323,9,29.7,1,1420,9,26.5,1,27,1,5.4,1,19.4,9,23.4,9,0,9,3.2,1,,,7.8,1,110,1,1142,9,12,1,110,1,1133,9,,,,,,,10,1,,,1134,9,20,9
97119008,97119008,"PETIT-CANAL GODET-INRAE",16.405,-61.481667,35,20250417,1.5,1,23.1,1,500,9,30.6,1,1100,9,26.2,1,26.9,1,7.5,1,22.3,9,22.8,9,,,,,3,9,,,,,,,,,,,,,9,9,140,9,1506,9,,,,,,,,
97119008,97119008,"PETIT-CANAL GODET-INRAE",16.405,-61.481667,35,20250416,0,1,24.2,1,800,9,29.2,1,1300,9,26.4,1,26.7,1,5,1,21,9,22.7,9,,,,,2.9,9,,,,,,,,,,,,,10,9,80,9,1336,9,,,,,,,,
97101014,97101014,"LES ABYMES CHAZEAU_SAPC",16.2875,-61.453167,95,20250427,2.6,1,23.8,1,255,9,29.8,1,1254,9,26.1,1,26.8,1,6,1,,,,,0,9,,,,,,,,,,,,,,,,,,,,,,,,,,,,,,
97119008,97119008,"PETIT-CANAL GODET-INRAE",16.405,-61.481667,35,20250415,0,1,23.9,1,100,9,29.8,1,1400,9,26.6,1,26.9,1,5.9,1,21.7,9,23.2,9,,,,,2.7,9,,,,,,,,,,,,,11,9,120,9,1318,9,,,,,,,,
97119008,97119008,"PETIT-CANAL GODET-INRAE",16.405,-61.481667,35,20250420,4.5,1,22.6,1,200,9,31.5,1,1100,9,26.2,1,27.1,1,8.9,1,20.3,9,21.8,9,,,,,0.9,9,,,,,,,,,,,,,7,9,150,9,1130,9,,,,,,,,
97119008,97119008,"PETIT-CANAL GODET-INRAE",16.405,-61.481667,35,20250422,0,1,20.5,1,400,9,29.4,1,1300,9,24.4,1,25,1,8.9,1,17.6,9,19.5,9,,,,,0.7,9,,,,,,,,,,,,,6,9,110,9,1336,9,,,,,,,,
97119008,97119008,"PETIT-CANAL GODET-INRAE",16.405,-61.481667,35,20250421,0,1,22.6,1,400,9,28.5,1,1200,9,25,1,25.6,1,5.9,1,21.5,9,22,9,,,,,1,9,,,,,,,,,,,,,6,9,350,9,1400,9,,,,,,,,
97119008,97119008,"PETIT-CANAL GODET-INRAE",16.405,-61.481667,35,20250418,0.5,1,23.3,1,300,9,28.6,1,1400,9,26.1,1,26,1,5.3,1,21.3,9,22.7,9,,,,,2.2,9,,,,,,,,,,,,,9,9,160,9,1106,9,,,,,,,,
97119008,97119008,"PETIT-CANAL GODET-INRAE",16.405,-61.481667,35,20250419,0,1,23,1,600,9,31,1,1300,9,26.7,1,27,1,8,1,21.4,9,22.5,9,,,,,1.8,9,,,,,,,,,,,,,8,9,100,9,1512,9,,,,,,,,
97101015,97101015,"LE RAIZET AERO",16.264,-61.516333,11,20250427,3.8,1,24.7,1,310,9,29.9,1,1249,9,26.7,1,27.3,1,5.2,1,18.1,1,23.8,1,0,9,4.1,1,,,7.9,1,120,1,1213,9,11.8,1,100,1,1147,9,,,,,,,10.9,1,,,1147,9,86,9
97119008,97119008,"PETIT-CANAL GODET-INRAE",16.405,-61.481667,35,20250414,1,1,22.4,1,100,9,30.5,1,1100,9,25.8,1,26.5,1,8.1,1,19.8,9,21.1,9,,,,,1.7,9,,,,,,,,,,,,,8,9,110,9,1500,9,,,,,,,,
97101015,97101015,"LE RAIZET AERO",16.264,-61.516333,11,20250428,0.8,1,23.7,1,359,9,30.4,1,1354,9,26,1,27.1,1,6.7,1,17.7,9,22.7,9,0,9,3.5,1,,,7,1,150,1,1209,9,10.9,1,140,1,1135,9,,,,,,,10.4,1,,,1154,9,114,9
97101014,97101014,"LES ABYMES CHAZEAU_SAPC",16.2875,-61.453167,95,20250428,3.4,1,23,1,404,9,30.8,1,1333,9,25.9,1,26.9,1,7.8,1,,,,,0,9,,,,,,,,,,,,,,,,,,,,,,,,,,,,,,
97101014,97101014,"LES ABYMES CHAZEAU_SAPC",16.2875,-61.453167,95,20250429,3.4,1,23,1,11,9,30.7,1,1316,9,25.5,1,26.9,1,7.7,1,,,,,0,9,,,,,,,,,,,,,,,,,,,,,,,,,,,,,,
97101015,97101015,"LE RAIZET AERO",16.264,-61.516333,11,20250429,2.8,1,23.7,1,48,9,30.7,1,1312,9,26.5,1,27.2,1,7,1,18.8,9,23,9,0,9,2.3,1,,,5.5,1,140,1,1050,9,8.9,1,160,1,1058,9,,,,,,,8.2,1,,,1142,9,28,9
97101014,97101014,"LES ABYMES CHAZEAU_SAPC",16.2875,-61.453167,95,20250430,0.2,1,23.2,1,515,9,31.8,1,1047,9,26.7,1,27.5,1,8.6,1,,,,,0,9,,,,,,,,,,,,,,,,,,,,,,,,,,,,,,
97119008,97119008,"PETIT-CANAL GODET-INRAE",16.405,-61.481667,35,20250424,6.5,1,22.8,1,500,9,29.1,1,1000,9,25,1,26,1,6.3,1,21.4,9,22.3,9,,,,,1.2,9,,,,,,,,,,,,,9,9,150,9,1230,9,,,,,,,,
97101015,97101015,"LE RAIZET AERO",16.264,-61.516333,11,20250430,0,1,23.7,1,340,9,30.3,1,1126,9,26.9,1,27,1,6.6,1,17.5,1,22.8,1,0,9,2.9,1,,,6.8,1,170,1,1225,9,10.9,1,170,1,1225,9,,,,,,,9.7,1,,,1225,9,3,9
97119008,97119008,"PETIT-CANAL GODET-INRAE",16.405,-61.481667,35,20250427,0,1,24.6,1,2100,9,29.6,1,1500,9,26.8,1,27.1,1,5,1,22.6,9,23.5,9,,,,,2.6,9,,,,,,,,,,,,,9,9,110,9,1124,9,,,,,,,,
97119008,97119008,"PETIT-CANAL GODET-INRAE",16.405,-61.481667,35,20250425,7.5,1,23.2,1,500,9,28.5,1,1100,9,24.9,1,25.9,1,5.3,1,22.2,9,22.7,9,,,,,0.8,9,,,,,,,,,,,,,7,9,130,9,1236,9,,,,,,,,
97119008,97119008,"PETIT-CANAL GODET-INRAE",16.405,-61.481667,35,20250426,1,1,23.8,1,200,9,29.1,1,1400,9,26.2,1,26.5,1,5.3,1,22.6,9,23.2,9,,,,,1.8,9,,,,,,,,,,,,,8,9,130,9,1136,9,,,,,,,,
97101015,97101015,"LE RAIZET AERO",16.264,-61.516333,11,20250501,0.6,1,24.2,1,449,9,29.9,1,1313,9,26.8,1,27.1,1,5.7,1,18.6,9,23.5,9,0,9,2.3,1,,,5.5,1,150,1,1413,9,8.3,1,160,1,1216,9,,,,,,,7.8,1,,,1217,9,18,9
97101014,97101014,"LES ABYMES CHAZEAU_SAPC",16.2875,-61.453167,95,20250501,1.4,1,24.5,1,315,9,30.2,1,1300,9,26.4,1,27.4,1,5.7,1,,,,,0,9,,,,,,,,,,,,,,,,,,,,,,,,,,,,,,
97119008,97119008,"PETIT-CANAL GODET-INRAE",16.405,-61.481667,35,20250423,0.5,1,20.9,1,200,9,29.4,1,1200,9,25.2,1,25.2,1,8.5,1,18.4,9,20.1,9,,,,,0.9,9,,,,,,,,,,,,,6,9,120,9,1154,9,,,,,,,,
97101014,97101014,"LES ABYMES CHAZEAU_SAPC",16.2875,-61.453167,95,20250502,10,1,23.6,1,552,9,29.1,1,853,9,25.3,1,26.4,1,5.5,1,,,,,0,9,,,,,,,,,,,,,,,,,,,,,,,,,,,,,,
97101014,97101014,"LES ABYMES CHAZEAU_SAPC",16.2875,-61.453167,95,20250503,22.9,1,23.6,1,517,9,29.3,1,912,9,25.4,1,26.5,1,5.7,1,,,,,0,9,,,,,,,,,,,,,,,,,,,,,,,,,,,,,,
97101015,97101015,"LE RAIZET AERO",16.264,-61.516333,11,20250503,20.5,1,23.1,1,501,9,29.4,1,933,9,25.5,1,26.3,1,6.3,1,17.1,1,22.2,1,0,9,2.6,1,,,6.1,1,130,1,1441,9,10.4,1,130,1,1432,9,,,,,,,9,1,,,1435,9,290,9
97101014,97101014,"LES ABYMES CHAZEAU_SAPC",16.2875,-61.453167,95,20250505,43.1,1,22.1,1,733,9,28.8,1,1205,9,24.5,1,25.5,1,6.7,1,,,,,0,9,,,,,,,,,,,,,,,,,,,,,,,,,,,,,,
97101015,97101015,"LE RAIZET AERO",16.264,-61.516333,11,20250504,31.1,1,22.9,1,542,9,30.8,1,1335,9,25.2,1,26.9,1,7.9,1,16.7,1,22.2,1,0,9,2.2,1,,,6.4,1,120,1,1409,9,9.7,1,240,1,1455,9,,,,,,,9.3,1,,,1456,9,213,9
97101015,97101015,"LE RAIZET AERO",16.264,-61.516333,11,20250502,24.1,1,24.1,1,502,9,29.5,1,1048,9,26,1,26.8,1,5.4,1,18.1,1,23.4,1,0,9,1.9,1,,,6.4,1,120,1,1403,9,10.3,1,100,1,1355,9,,,,,,,9.4,1,,,1355,9,180,9
97101015,97101015,"LE RAIZET AERO",16.264,-61.516333,11,20250505,31.7,1,22.9,1,449,9,28.5,1,1123,9,24.8,1,25.7,1,5.6,1,16.4,1,21.9,1,0,9,1.6,1,,,5.6,1,90,1,1212,9,7.8,1,50,1,1350,9,,,,,,,7.1,1,,,1350,9,306,9
97101014,97101014,"LES ABYMES CHAZEAU_SAPC",16.2875,-61.453167,95,20250504,12.8,1,23.5,1,2353,9,29.4,1,1329,9,24.8,1,26.5,1,5.9,1,,,,,0,9,,,,,,,,,,,,,,,,,,,,,,,,,,,,,,
97101014,97101014,"LES ABYMES CHAZEAU_SAPC",16.2875,-61.453167,95,20250506,0.4,1,23.1,1,546,9,30.2,1,1431,9,25.2,1,26.7,1,7.1,1,,,,,0,9,,,,,,,,,,,,,,,,,,,,,,,,,,,,,,
97101015,97101015,"LE RAIZET AERO",16.264,-61.516333,11,20250507,3.6,1,23,1,509,9,29.6,1,1513,9,25.5,1,26.3,1,6.6,1,17.3,9,22.2,9,0,9,2.4,1,,,6.9,1,180,1,1047,9,10,1,190,1,1039,9,,,,,,,9.6,1,,,1041,9,100,9
97101014,97101014,"LES ABYMES CHAZEAU_SAPC",16.2875,-61.453167,95,20250507,2.4,1,23,1,421,9,30.7,1,1248,9,25.7,1,26.9,1,7.7,1,,,,,0,9,,,,,,,,,,,,,,,,,,,,,,,,,,,,,,
97101014,97101014,"LES ABYMES CHAZEAU_SAPC",16.2875,-61.453167,95,20250508,1.8,1,23,1,36,9,32.3,1,1447,9,26.5,1,27.7,1,9.3,1,,,,,0,9,,,,,,,,,,,,,,,,,,,,,,,,,,,,,,
97101014,97101014,"LES ABYMES CHAZEAU_SAPC",16.2875,-61.453167,95,20250509,1.4,1,23.4,1,437,9,31.8,1,935,9,26.7,1,27.6,1,8.4,1,,,,,,,,,,,,,,,,,,,,,,,,,,,,,,,,,,,,
97101014,97101014,"LES ABYMES CHAZEAU_SAPC",16.2875,-61.453167,95,20250510,10.8,1,24.3,1,32,9,30.3,1,1537,9,26,1,27.3,1,6,1,,,,,0,9,,,,,,,,,,,,,,,,,,,,,,,,,,,,,,
97101015,97101015,"LE RAIZET AERO",16.264,-61.516333,11,20250511,7.7,1,25.1,1,142,9,30.4,1,1346,9,27.3,1,27.8,1,5.3,1,19.3,9,24,9,0,9,4.4,1,,,8.4,1,110,1,1349,9,12.6,1,110,1,1337,9,,,,,,,11.8,1,,,1358,9,118,9
97101014,97101014,"LES ABYMES CHAZEAU_SAPC",16.2875,-61.453167,95,20250511,3,1,24,1,104,9,30.4,1,1326,9,26.4,1,27.2,1,6.4,1,,,,,0,9,,,,,,,,,,,,,,,,,,,,,,,,,,,,,,
97101015,97101015,"LE RAIZET AERO",16.264,-61.516333,11,20250506,1.2,1,23.1,1,548,9,29.6,1,951,9,25.8,1,26.4,1,6.5,1,16.7,1,22.4,1,0,9,2.1,1,,,6,1,80,1,1653,9,9.1,1,80,1,1645,9,,,,,,,8.2,1,,,1645,9,100,9
97101015,97101015,"LE RAIZET AERO",16.264,-61.516333,11,20250508,7.5,1,22.6,1,555,9,31.3,1,1359,9,26.3,1,27,1,8.7,1,16.5,1,21.7,1,0,9,1.8,1,,,7.5,1,180,1,928,9,10.6,1,190,1,923,9,,,,,,,10.1,1,,,923,9,68,9
97101015,97101015,"LE RAIZET AERO",16.264,-61.516333,11,20250510,7.7,1,24.7,1,130,9,30.8,1,1300,9,27.2,1,27.8,1,6.1,1,18,1,23.4,1,0,9,3.9,1,,,8.4,1,120,1,1334,9,13.9,1,130,1,820,9,,,,,,,12,1,,,820,9,107,9
97101015,97101015,"LE RAIZET AERO",16.264,-61.516333,11,20250509,0.6,1,23.9,1,222,9,31,1,1311,9,27.3,1,27.5,1,7.1,1,17.5,1,23.1,1,0,9,3,1,,,6.9,1,110,1,1410,9,11.9,1,120,1,1302,9,,,,,,,10.5,1,,,1310,9,24,9
97119008,97119008,"PETIT-CANAL GODET-INRAE",16.405,-61.481667,35,20250430,28.5,1,23.4,1,600,9,28.9,1,900,9,25.6,1,26.2,1,5.5,1,21.5,9,22.9,9,,,,,1.3,9,,,,,,,,,,,,,8,9,140,9,1148,9,,,,,,,,
97119008,97119008,"PETIT-CANAL GODET-INRAE",16.405,-61.481667,35,20250428,11.5,1,24.5,1,200,9,28.4,1,1500,9,25.6,1,26.5,1,3.9,1,22.8,9,23.6,9,,,,,1.8,9,,,,,,,,,,,,,8,9,150,9,1148,9,,,,,,,,
97119008,97119008,"PETIT-CANAL GODET-INRAE",16.405,-61.481667,35,20250429,0,1,23.1,1,400,9,30.1,1,1400,9,26,1,26.6,1,7,1,21.6,9,22.6,9,,,,,1.3,9,,,,,,,,,,,,,6,9,140,9,1518,9,,,,,,,,
97119008,97119008,"PETIT-CANAL GODET-INRAE",16.405,-61.481667,35,20250504,22.5,1,23.3,1,0,9,28.2,1,1100,9,25.2,1,25.8,1,4.9,1,21.7,9,22.7,9,,,,,1.3,9,,,,,,,,,,,,,9,9,130,9,1130,9,,,,,,,,
97119008,97119008,"PETIT-CANAL GODET-INRAE",16.405,-61.481667,35,20250505,25,1,22.4,1,800,9,29.1,1,1300,9,25,1,25.8,1,6.7,1,21.9,9,22.3,9,,,,,1.2,9,,,,,,,,,,,,,6,9,160,9,1336,9,,,,,,,,
97119008,97119008,"PETIT-CANAL GODET-INRAE",16.405,-61.481667,35,20250501,1.5,1,23.7,1,200,9,29.3,1,1300,9,25.9,1,26.5,1,5.6,1,22.6,9,23.3,9,,,,,1.1,9,,,,,,,,,,,,,6,9,130,9,1336,9,,,,,,,,
97119008,97119008,"PETIT-CANAL GODET-INRAE",16.405,-61.481667,35,20250507,20,1,23.3,1,100,9,30,1,1200,9,25.4,1,26.7,1,6.7,1,21.7,9,22.7,9,,,,,1,9,,,,,,,,,,,,,6,9,140,9,1206,9,,,,,,,,
97119008,97119008,"PETIT-CANAL GODET-INRAE",16.405,-61.481667,35,20250503,3.5,1,23.9,1,600,9,29.3,1,1100,9,25.8,1,26.6,1,5.4,1,22,9,23.5,9,,,,,1.7,9,,,,,,,,,,,,,7,9,160,9,1218,9,,,,,,,,
97119008,97119008,"PETIT-CANAL GODET-INRAE",16.405,-61.481667,35,20250502,6,1,23.6,1,600,9,29.4,1,1100,9,25.8,1,26.5,1,5.8,1,22.3,9,23.2,9,,,,,1.1,9,,,,,,,,,,,,,7,9,130,9,1130,9,,,,,,,,
97101015,97101015,"LE RAIZET AERO",16.264,-61.516333,11,20250512,1,1,24.5,1,351,9,30.1,1,1418,9,26.8,1,27.3,1,5.6,1,17.8,1,23.2,1,0,9,4.6,1,,,9.4,1,90,1,1312,9,14.9,1,50,1,1217,9,,,,,,,13.9,1,,,1217,9,74,9
97101014,97101014,"LES ABYMES CHAZEAU_SAPC",16.2875,-61.453167,95,20250512,1.4,1,24.1,1,607,9,29.8,1,1452,9,26,1,27,1,5.7,1,,,,,0,9,,,,,,,,,,,,,,,,,,,,,,,,,,,,,,
97119008,97119008,"PETIT-CANAL GODET-INRAE",16.405,-61.481667,35,20250506,14,1,22.9,1,600,9,29,1,1000,9,25.1,1,26,1,6.1,1,21.3,9,22.2,9,,,,,1.1,9,,,,,,,,,,,,,7,9,90,9,1624,9,,,,,,,,
97101015,97101015,"LE RAIZET AERO",16.264,-61.516333,11,20250514,11.8,1,24.3,1,1415,9,30,1,1125,9,26.2,1,27.2,1,5.7,1,18.4,9,23.1,9,0,9,3.1,1,,,8.6,1,110,1,1250,9,12.8,1,100,1,1146,9,,,,,,,12.5,1,,,1146,9,301,9
97101014,97101014,"LES ABYMES CHAZEAU_SAPC",16.2875,-61.453167,95,20250514,14,1,22.9,1,2134,9,28.8,1,939,9,24.9,1,25.9,1,5.9,1,,,,,0,9,,,,,,,,,,,,,,,,,,,,,,,,,,,,,,
97101014,97101014,"LES ABYMES CHAZEAU_SAPC",16.2875,-61.453167,95,20250513,20.1,1,23,1,1715,9,28,1,1239,9,24.4,1,25.5,1,5,1,,,,,0,9,,,,,,,,,,,,,,,,,,,,,,,,,,,,,,
97101015,97101015,"LE RAIZET AERO",16.264,-61.516333,11,20250513,17.5,1,23.8,1,1817,9,29.8,1,1239,9,25.7,1,26.8,1,6,1,17.9,1,23.1,1,0,9,4.1,1,,,8.9,1,100,1,1030,9,13.9,1,100,1,1012,9,,,,,,,13.1,1,,,1432,9,290,9
97119008,97119008,"PETIT-CANAL GODET-INRAE",16.405,-61.481667,35,20250509,1.5,1,23.2,1,300,9,30.1,1,1000,9,26.6,1,26.7,1,6.9,1,21.8,9,22.6,9,,,,,1.7,9,,,,,,,,,,,,,9,9,110,9,1442,9,,,,,,,,
97119008,97119008,"PETIT-CANAL GODET-INRAE",16.405,-61.481667,35,20250511,0,1,25.4,1,200,9,30.6,1,1300,9,27.7,1,28,1,5.2,1,23.7,9,24.3,9,,,,,3.3,9,,,,,,,,,,,,,10,9,110,9,1442,9,,,,,,,,
97119008,97119008,"PETIT-CANAL GODET-INRAE",16.405,-61.481667,35,20250510,3.5,1,24.7,1,100,9,30.2,1,1200,9,27.3,1,27.5,1,5.5,1,22.7,9,24.1,9,,,,,2.5,9,,,,,,,,,,,,,10,9,90,9,1000,9,,,,,,,,
97119008,97119008,"PETIT-CANAL GODET-INRAE",16.405,-61.481667,35,20250508,10.5,1,22.5,1,600,9,31.1,1,1400,9,26.1,1,26.8,1,8.6,1,21,9,22.1,9,,,,,1.1,9,,,,,,,,,,,,,6,9,140,9,1530,9,,,,,,,,
97101015,97101015,"LE RAIZET AERO",16.264,-61.516333,11,20250515,0.6,1,24.2,1,223,9,30.3,1,1458,9,26.6,1,27.3,1,6.1,1,19,9,23.1,9,0,9,4,1,,,9,1,120,1,1145,9,13.9,1,140,1,1136,9,,,,,,,12.5,1,,,1136,9,67,9
97101014,97101014,"LES ABYMES CHAZEAU_SAPC",16.2875,-61.453167,95,20250515,10.7,1,23.2,1,212,9,28.8,1,1125,9,25.3,1,26,1,5.6,1,,,,,0,9,,,,,,,,,,,,,,,,,,,,,,,,,,,,,,
97101014,97101014,"LES ABYMES CHAZEAU_SAPC",16.2875,-61.453167,95,20250516,0.6,1,23.3,1,2043,9,29.5,1,1530,9,26.1,1,26.4,1,6.2,1,,,,,0,9,,,,,,,,,,,,,,,,,,,,,,,,,,,,,,
97101014,97101014,"LES ABYMES CHAZEAU_SAPC",16.2875,-61.453167,95,20250517,57.7,1,25.1,1,2142,9,30.8,1,1234,9,26.7,1,28,1,5.7,1,,,,,0,9,,,,,,,,,,,,,,,,,,,,,,,,,,,,,,
97101015,97101015,"LE RAIZET AERO",16.264,-61.516333,11,20250518,0.4,1,23.4,1,221,9,28.4,1,1237,9,25.8,1,25.9,1,5,1,18.8,9,23.1,9,0,9,2.9,1,,,7.3,1,120,1,1320,9,10.6,1,120,1,1313,9,,,,,,,10.1,1,,,1313,9,17,9
97101015,97101015,"LE RAIZET AERO",16.264,-61.516333,11,20250519,0,1,24.5,1,107,9,30.2,1,1147,9,27.2,1,27.4,1,5.7,1,18.5,9,23.5,9,0,9,3.2,1,,,7,1,130,1,1224,9,10.4,1,120,1,1233,9,,,,,,,9.6,1,,,1217,9,0,9
97101014,97101014,"LES ABYMES CHAZEAU_SAPC",16.2875,-61.453167,95,20250518,3,1,22.8,1,726,9,28.4,1,1354,9,25.1,1,25.6,1,5.6,1,,,,,0,9,,,,,,,,,,,,,,,,,,,,,,,,,,,,,,
97101015,97101015,"LE RAIZET AERO",16.264,-61.516333,11,20250516,0.6,1,24.8,1,2336,9,30.6,1,1143,9,27,1,27.7,1,5.8,1,18.4,1,23.8,1,0,9,3.9,1,,,8.6,1,100,1,1149,9,12.9,1,110,1,1211,9,,,,,,,12,1,,,1147,9,36,9
97101015,97101015,"LE RAIZET AERO",16.264,-61.516333,11,20250517,29.9,1,25.1,1,2242,9,30.9,1,1230,9,27.4,1,28,1,5.8,1,18.7,1,23.8,1,0,9,4.8,1,,,9.7,1,110,1,1320,9,14,1,110,1,1312,9,,,,,,,12.9,1,,,1326,9,352,9
97101015,97101015,"LE RAIZET AERO",16.264,-61.516333,11,20250520,0,1,25,1,402,9,30.7,1,1143,9,27.5,1,27.9,1,5.7,1,18.5,1,24,1,0,9,3.7,1,,,7.7,1,120,1,1352,9,11.7,1,130,1,1353,9,,,,,,,10.5,1,,,1353,9,0,9
97101015,97101015,"LE RAIZET AERO",16.264,-61.516333,11,20250521,0,1,23.9,1,426,9,31.2,1,1224,9,27.4,1,27.6,1,7.3,1,20.4,9,,,0,9,3.2,1,,,6.6,1,130,1,1341,9,10.3,1,150,1,1337,9,,,,,,,9.2,1,,,1337,9,16,9
97119008,97119008,"PETIT-CANAL GODET-INRAE",16.405,-61.481667,35,20250517,48,1,25.4,1,500,9,29.8,1,1300,9,27,1,27.6,1,4.4,1,23.9,9,24.6,9,,,,,2.8,9,,,,,,,,,,,,,12,9,110,9,1312,9,,,,,,,,
97101015,97101015,"LE RAIZET AERO",16.264,-61.516333,11,20250522,0.2,1,24.7,1,305,9,31.3,1,1339,9,27.6,1,28,1,6.6,1,20.9,9,,,0,9,3.8,1,,,8.3,1,130,1,1543,9,12.6,1,80,1,1637,9,,,,,,,12,1,,,1637,9,24,9
97119008,97119008,"PETIT-CANAL GODET-INRAE",16.405,-61.481667,35,20250512,1.5,1,25.3,1,500,9,29.6,1,1100,9,27.1,1,27.5,1,4.3,1,23.5,9,24.2,9,,,,,3.1,9,,,,,,,,,,,,,11,9,100,9,1524,9,,,,,,,,
97119008,97119008,"PETIT-CANAL GODET-INRAE",16.405,-61.481667,35,20250514,20,1,23.5,1,1400,9,29.8,1,1100,9,26.6,1,26.7,1,6.3,1,22.3,9,23.1,9,,,,,2.7,9,,,,,,,,,,,,,9,9,140,9,1100,9,,,,,,,,
97119008,97119008,"PETIT-CANAL GODET-INRAE",16.405,-61.481667,35,20250518,2,1,22.9,1,0,9,27.6,1,1400,9,25.4,1,25.3,1,4.7,1,22.2,9,22.3,9,,,,,1.8,9,,,,,,,,,,,,,8,9,90,9,1036,9,,,,,,,,
97119008,97119008,"PETIT-CANAL GODET-INRAE",16.405,-61.481667,35,20250513,25.5,1,23.3,1,400,9,29.1,1,1400,9,25.7,1,26.2,1,5.8,1,22.1,9,22.8,9,,,,,3,9,,,,,,,,,,,,,11,9,90,9,1324,9,,,,,,,,
97119008,97119008,"PETIT-CANAL GODET-INRAE",16.405,-61.481667,35,20250516,21.5,1,24.8,1,1100,9,29,1,1400,9,26.8,1,26.9,1,4.2,1,23.3,9,24.2,9,,,,,2.6,9,,,,,,,,,,,,,9,9,100,9,1048,9,,,,,,,,
97119008,97119008,"PETIT-CANAL GODET-INRAE",16.405,-61.481667,35,20250515,2.5,1,26,1,100,9,29.6,1,1300,9,27.1,1,27.8,1,3.6,1,24.2,9,25.6,9,,,,,3,9,,,,,,,,,,,,,10,9,130,9,900,9,,,,,,,,
97101014,97101014,"LES ABYMES CHAZEAU_SAPC",16.2875,-61.453167,95,20250519,0.2,1,24.1,1,458,9,30.7,1,1253,9,26.6,1,27.4,1,6.6,1,,,,,0,9,,,,,,,,,,,,,,,,,,,,,,,,,,,,,,
97101014,97101014,"LES ABYMES CHAZEAU_SAPC",16.2875,-61.453167,95,20250522,0.6,1,24.3,1,219,9,31.5,1,1304,9,27,1,27.9,1,7.2,1,,,,,,,,,,,,,,,,,,,,,,,,,,,,,,,,,,,,
97101014,97101014,"LES ABYMES CHAZEAU_SAPC",16.2875,-61.453167,95,20250521,0,1,24.3,1,534,9,31.6,1,1318,9,27.1,1,28,1,7.3,1,,,,,,,,,,,,,,,,,,,,,,,,,,,,,,,,,,,,
97101014,97101014,"LES ABYMES CHAZEAU_SAPC",16.2875,-61.453167,95,20250520,0,1,24.4,1,343,9,30.9,1,1123,9,27,1,27.7,1,6.5,1,,,,,,,,,,,,,,,,,,,,,,,,,,,,,,,,,,,,
97101015,97101015,"LE RAIZET AERO",16.264,-61.516333,11,20250523,0.2,1,25.1,1,117,9,31.3,1,1223,9,27.7,1,28.2,1,6.2,1,21.4,9,,,0,9,4.9,1,,,8.7,1,110,1,1435,9,12.8,1,90,1,1025,9,,,,,,,11.7,1,,,1444,9,12,9
97101014,97101014,"LES ABYMES CHAZEAU_SAPC",16.2875,-61.453167,95,20250524,0.2,1,25,1,53,9,30.7,1,1252,9,27.2,1,27.9,1,5.7,1,,,,,0,9,,,,,,,,,,,,,,,,,,,,,,,,,,,,,,
97101015,97101015,"LE RAIZET AERO",16.264,-61.516333,11,20250524,0,1,25.3,1,127,9,31.2,1,1225,9,27.9,1,28.3,1,5.9,1,21.6,9,24.5,9,0,9,4.7,1,,,7.8,1,110,1,958,9,12.5,1,120,1,1130,9,,,,,,,11.7,1,,,1226,9,0,9
97101014,97101014,"LES ABYMES CHAZEAU_SAPC",16.2875,-61.453167,95,20250523,0.4,1,24.5,1,512,9,30.2,1,,,26.8,1,27.4,1,5.7,1,,,,,0,9,,,,,,,,,,,,,,,,,,,,,,,,,,,,,,
97101015,97101015,"LE RAIZET AERO",16.264,-61.516333,11,20250525,0,1,26,1,451,9,31.8,1,1230,9,28.2,1,28.9,1,5.8,1,22.6,9,25.5,9,0,9,5,1,,,8.1,1,100,1,1604,9,12.7,1,120,1,1325,9,,,,,,,11.4,1,,,1143,9,7,9
97101014,97101014,"LES ABYMES CHAZEAU_SAPC",16.2875,-61.453167,95,20250525,0.4,1,25.4,1,510,9,30.9,1,1036,9,27.2,1,28.2,1,5.5,1,,,,,0,9,,,,,,,,,,,,,,,,,,,,,,,,,,,,,,
97101014,97101014,"LES ABYMES CHAZEAU_SAPC",16.2875,-61.453167,95,20250526,0,1,24.9,1,422,9,30.8,1,1438,9,27.2,1,27.9,1,5.9,1,,,,,,,,,,,,,,,,,,,,,,,,,,,,,,,,,,,,
97101015,97101015,"LE RAIZET AERO",16.264,-61.516333,11,20250526,0,1,25.7,1,431,9,30.9,1,1105,9,27.8,1,28.3,1,5.2,1,22.4,9,25.1,9,0,9,4.7,1,,,8.4,1,100,1,1050,9,12.4,1,80,1,1006,9,,,,,,,11.6,1,,,1234,9,4,9
97101015,97101015,"LE RAIZET AERO",16.264,-61.516333,11,20250527,0,1,25.2,1,536,9,30.9,1,1503,9,27.5,1,28.1,1,5.7,1,21.6,9,24.5,9,0,9,3.7,1,,,7.6,1,70,1,1609,9,11.8,1,70,1,1602,9,,,,,,,11.2,1,,,1610,9,13,9
97101014,97101014,"LES ABYMES CHAZEAU_SAPC",16.2875,-61.453167,95,20250527,0,1,24.5,1,523,9,31.7,1,1449,9,27,1,28.1,1,7.2,1,,,,,0,9,,,,,,,,,,,,,,,,,,,,,,,,,,,,,,
97101014,97101014,"LES ABYMES CHAZEAU_SAPC",16.2875,-61.453167,95,20250528,1,1,24,1,503,9,31.2,1,1020,9,26.4,1,27.6,1,7.2,1,,,,,0,9,,,,,,,,,,,,,,,,,,,,,,,,,,,,,,
97101015,97101015,"LE RAIZET AERO",16.264,-61.516333,11,20250528,0.6,1,24,1,217,9,31.1,1,1324,9,27.2,1,27.6,1,7.1,1,19.9,9,22.7,9,0,9,4.2,1,,,8,1,70,1,1525,9,13.8,1,100,1,1129,9,,,,,,,12.5,1,,,1130,9,63,9
97101014,97101014,"LES ABYMES CHAZEAU_SAPC",16.2875,-61.453167,95,20250529,1,1,23.5,1,2306,9,31.5,1,1300,9,27,1,27.5,1,8,1,,,,,0,9,,,,,,,,,,,,,,,,,,,,,,,,,,,,,,
97101015,97101015,"LE RAIZET AERO",16.264,-61.516333,11,20250529,0.4,1,24.3,1,434,9,31.5,1,1255,9,27.6,1,27.9,1,7.2,1,21,9,22.9,9,0,9,4,1,,,6.7,1,110,1,1303,9,10.5,1,160,1,1157,9,,,,,,,9.9,1,,,1629,9,31,9
97101015,97101015,"LE RAIZET AERO",16.264,-61.516333,11,20250530,0.4,1,25.1,1,136,9,31.5,1,1334,9,27.8,1,28.3,1,6.4,1,20.6,9,24.1,9,0,9,4.4,1,,,7.7,1,130,1,1054,9,12.6,1,140,1,1123,9,,,,,,,11.3,1,,,1123,9,42,9
97101015,97101015,"LE RAIZET AERO",16.264,-61.516333,11,20250531,0,1,25.8,1,309,9,30.9,1,1159,9,28.1,1,28.4,1,5.1,1,22.4,9,24.6,9,0,9,5.4,1,,,9.6,1,130,1,1137,9,14.7,1,100,1,1005,9,,,,,,,13.4,1,,,1010,9,0,9
97119008,97119008,"PETIT-CANAL GODET-INRAE",16.405,-61.481667,35,20250523,0.5,1,25,1,200,9,29.9,1,1200,9,27.3,1,27.5,1,4.9,1,23.3,9,24.3,9,,,,,3.1,9,,,,,,,,,,,,,10,9,130,9,1624,9,,,,,,,,
97119008,97119008,"PETIT-CANAL GODET-INRAE",16.405,-61.481667,35,20250526,0,1,25.8,1,2200,9,30.1,1,1300,9,27.8,1,28,1,4.3,1,23.5,9,25,9,,,,,3.2,9,,,,,,,,,,,,,10,9,150,9,1218,9,,,,,,,,
97101015,97101015,"LE RAIZET AERO",16.264,-61.516333,11,20250601,0,1,26.4,1,508,9,30.7,1,1243,9,28,1,28.6,1,4.3,1,22.8,9,25.8,9,0,9,4.5,1,,,8.4,1,120,1,1534,9,13.5,1,120,1,1456,9,,,,,,,12.7,1,,,1510,9,0,9
97119008,97119008,"PETIT-CANAL GODET-INRAE",16.405,-61.481667,35,20250522,4,1,24.1,1,0,9,30,1,1300,9,27,1,27.1,1,5.9,1,21.6,9,23.1,9,,,,,2.3,9,,,,,,,,,,,,,10,9,110,9,1248,9,,,,,,,,
97119008,97119008,"PETIT-CANAL GODET-INRAE",16.405,-61.481667,35,20250519,0,1,24.3,1,200,9,29.7,1,1300,9,26.9,1,27,1,5.4,1,22.5,9,23.6,9,,,,,2,9,,,,,,,,,,,,,8,9,140,9,1324,9,,,,,,,,
97119008,97119008,"PETIT-CANAL GODET-INRAE",16.405,-61.481667,35,20250527,0,1,25.8,1,500,9,30.7,1,1300,9,27.5,1,28.3,1,4.9,1,24.2,9,25.3,9,,,,,2.3,9,,,,,,,,,,,,,8,9,90,9,1606,9,,,,,,,,
97119008,97119008,"PETIT-CANAL GODET-INRAE",16.405,-61.481667,35,20250525,0,1,25.6,1,300,9,30.1,1,1300,9,27.6,1,27.9,1,4.5,1,23.6,9,24.6,9,,,,,3.1,9,,,,,,,,,,,,,10,9,90,9,1448,9,,,,,,,,
97119008,97119008,"PETIT-CANAL GODET-INRAE",16.405,-61.481667,35,20250520,0,1,24.9,1,400,9,29.7,1,1400,9,27,1,27.3,1,4.8,1,23.4,9,24.4,9,,,,,2.1,9,,,,,,,,,,,,,9,9,130,9,1412,9,,,,,,,,
97119008,97119008,"PETIT-CANAL GODET-INRAE",16.405,-61.481667,35,20250524,0,1,26,1,100,9,29.8,1,1200,9,27.7,1,27.9,1,3.8,1,23.2,9,24.7,9,,,,,3.2,9,,,,,,,,,,,,,10,9,100,9,818,9,,,,,,,,
97119008,97119008,"PETIT-CANAL GODET-INRAE",16.405,-61.481667,35,20250521,0.5,1,24.6,1,2000,9,30.5,1,1200,9,27,1,27.6,1,5.9,1,22.9,9,23.5,9,,,,,1.9,9,,,,,,,,,,,,,8,9,130,9,1530,9,,,,,,,,
97101015,97101015,"LE RAIZET AERO",16.264,-61.516333,11,20250602,0,1,25.7,1,149,9,30.9,1,1110,9,27.9,1,28.3,1,5.2,1,21.7,9,24.6,9,0,9,4.2,1,,,7.7,1,90,1,1228,9,11.2,1,80,1,1226,9,,,,,,,10.8,1,,,1336,9,0,9
97101015,97101015,"LE RAIZET AERO",16.264,-61.516333,11,20250603,4.2,1,24.7,1,255,9,31.3,1,1143,9,27.2,1,28,1,6.6,1,19.8,9,23.1,9,0,9,4.3,1,,,8,1,100,1,1306,9,12.7,1,120,1,1327,9,,,,,,,11.6,1,,,1327,9,42,9
97101015,97101015,"LE RAIZET AERO",16.264,-61.516333,11,20250604,0.8,1,23.4,1,409,9,30.1,1,1304,9,26.3,1,26.8,1,6.7,1,18.9,9,22.6,9,0,9,3.9,1,,,8.2,1,100,1,818,9,12.1,1,110,1,1339,9,,,,,,,11.8,1,,,1339,9,45,9
97101014,97101014,"LES ABYMES CHAZEAU_SAPC",16.2875,-61.453167,95,20250601,0,1,26,1,,,30,1,,,,,28,1,4,1,,,,,,,,,,,,,,,,,,,,,,,,,,,,,,,,,,,,
97119008,97119008,"PETIT-CANAL GODET-INRAE",16.405,-61.481667,35,20250601,0,1,26.7,1,600,9,29.4,1,1100,9,27.9,1,28.1,1,2.7,1,24.8,9,25.2,9,,,,,3.3,9,,,,,,,,,,,,,10,9,120,9,1536,9,,,,,,,,
97101014,97101014,"LES ABYMES CHAZEAU_SAPC",16.2875,-61.453167,95,20250603,2,1,24.5,1,,,31,1,,,,,27.8,1,6.5,1,,,,,,,,,,,,,,,,,,,,,,,,,,,,,,,,,,,,
97119008,97119008,"PETIT-CANAL GODET-INRAE",16.405,-61.481667,35,20250529,4,1,23.5,1,2300,9,29.9,1,1200,9,27.1,1,26.7,1,6.4,1,22.7,9,23,9,,,,,2.6,9,,,,,,,,,,,,,8,9,130,9,1348,9,,,,,,,,
97119008,97119008,"PETIT-CANAL GODET-INRAE",16.405,-61.481667,35,20250530,3.5,1,24.8,1,400,9,30.3,1,1300,9,27.2,1,27.6,1,5.5,1,23,9,23.9,9,,,,,2.8,9,,,,,,,,,,,,,10,9,140,9,1418,9,,,,,,,,
97101014,97101014,"LES ABYMES CHAZEAU_SAPC",16.2875,-61.453167,95,20250605,0,1,22,1,,,31,1,,,,,26.5,1,9,1,,,,,,,,,,,,,,,,,,,,,,,,,,,,,,,,,,,,
97119008,97119008,"PETIT-CANAL GODET-INRAE",16.405,-61.481667,35,20250603,1.5,1,24.9,1,600,9,29.7,1,1100,9,27.3,1,27.3,1,4.8,1,22.9,9,24,9,,,,,2.7,9,,,,,,,,,,,,,9,9,100,9,1500,9,,,,,,,,
97119008,97119008,"PETIT-CANAL GODET-INRAE",16.405,-61.481667,35,20250528,4,1,24.5,1,100,9,29.8,1,1100,9,27,1,27.2,1,5.3,1,21.8,9,23.9,9,,,,,2.5,9,,,,,,,,,,,,,10,9,80,9,1342,9,,,,,,,,
97101014,97101014,"LES ABYMES CHAZEAU_SAPC",16.2875,-61.453167,95,20250604,2,1,23,1,,,30,1,,,,,26.5,1,7,1,,,,,,,,,,,,,,,,,,,,,,,,,,,,,,,,,,,,
97119008,97119008,"PETIT-CANAL GODET-INRAE",16.405,-61.481667,35,20250531,0,1,25.8,1,100,9,30.3,1,1300,9,27.8,1,28.1,1,4.5,1,24.4,9,25.1,9,,,,,3.6,9,,,,,,,,,,,,,10,9,120,9,1512,9,,,,,,,,
97101014,97101014,"LES ABYMES CHAZEAU_SAPC",16.2875,-61.453167,95,20250602,0,1,24.5,1,,,31,1,,,,,27.8,1,6.5,1,,,,,,,,,,,,,,,,,,,,,,,,,,,,,,,,,,,,
97101015,97101015,"LE RAIZET AERO",16.264,-61.516333,11,20250605,0,1,23.7,1,327,9,31.1,1,1332,9,27.2,1,27.4,1,7.4,1,17.9,9,22.1,9,0,9,4.4,1,,,8.3,1,130,1,1023,9,11.8,1,100,1,1419,9,,,,,,,11,1,,,1419,9,2,9
97101014,97101014,"LES ABYMES CHAZEAU_SAPC",16.2875,-61.453167,95,20250531,0,1,24,1,,,31,1,,,,,27.5,1,7,1,,,,,,,,,,,,,,,,,,,,,,,,,,,,,,,,,,,,
97101015,97101015,"LE RAIZET AERO",16.264,-61.516333,11,20250607,17.2,1,24.9,1,510,9,31.1,1,1148,9,27.8,1,28,1,6.2,1,18.9,9,23.7,9,0,9,4.8,1,,,8.9,1,120,1,1204,9,13.3,1,130,1,1424,9,,,,,,,12.3,1,,,1424,9,163,9
97101015,97101015,"LE RAIZET AERO",16.264,-61.516333,11,20250608,0.4,1,23.6,1,442,9,30.4,1,1039,9,27.2,1,27,1,6.8,1,18.8,9,21.9,9,0,9,5.1,1,,,9.9,1,120,1,1244,9,15.3,1,110,1,1239,9,,,,,,,14.4,1,,,1239,9,26,9
97101014,97101014,"LES ABYMES CHAZEAU_SAPC",16.2875,-61.453167,95,20250609,20,1,24,1,,,31,1,,,,,27.5,1,7,1,,,,,,,,,,,,,,,,,,,,,,,,,,,,,,,,,,,,
97101014,97101014,"LES ABYMES CHAZEAU_SAPC",16.2875,-61.453167,95,20250530,2,1,24.2,1,426,1,31.5,1,,,,,27.9,1,7.3,1,,,,,,,,,,,,,,,,,,,,,,,,,,,,,,,,,,,,
97101015,97101015,"LE RAIZET AERO",16.264,-61.516333,11,20250609,5,1,25.2,1,453,9,31.7,1,1301,9,27.8,1,28.5,1,6.5,1,19.3,9,24.2,9,0,9,5.2,1,,,10.8,1,120,1,1123,9,18.4,1,100,9,2222,9,,,,,,,16.1,1,,,2222,9,81,9
97101014,97101014,"LES ABYMES CHAZEAU_SAPC",16.2875,-61.453167,95,20250606,20,1,22,1,,,30.5,1,,,,,26.3,1,8.5,1,,,,,,,,,,,,,,,,,,,,,,,,,,,,,,,,,,,,
97101015,97101015,"LE RAIZET AERO",16.264,-61.516333,11,20250606,1.8,1,23,1,425,9,30.9,1,1202,9,26.7,1,27,1,7.9,1,16.4,1,21.7,1,0,9,3.6,1,,,7.3,1,110,1,1020,9,11.2,1,50,1,1254,9,,,,,,,10.6,1,,,1256,9,19,9
97101014,97101014,"LES ABYMES CHAZEAU_SAPC",16.2875,-61.453167,95,20250607,6,1,24,1,,,31,1,,,,,27.5,1,7,1,,,,,,,,,,,,,,,,,,,,,,,,,,,,,,,,,,,,
97101014,97101014,"LES ABYMES CHAZEAU_SAPC",16.2875,-61.453167,95,20250608,3,1,23,1,,,30,1,,,,,26.5,1,7,1,,,,,,,,,,,,,,,,,,,,,,,,,,,,,,,,,,,,
97101015,97101015,"LE RAIZET AERO",16.264,-61.516333,11,20250610,0.8,1,23.4,1,2250,9,31.2,1,1240,9,27.8,1,27.3,1,7.8,1,18.6,9,21.7,9,0,9,5.4,1,,,9.5,1,110,1,1152,9,14.6,1,110,1,940,9,,,,,,,13.4,1,,,940,9,51,9
97101015,97101015,"LE RAIZET AERO",16.264,-61.516333,11,20250611,0,1,25.8,1,441,9,31.2,1,1331,9,27.9,1,28.5,1,5.4,1,20,9,23.9,9,0,9,5.8,1,,,9.4,1,80,1,1316,9,15,1,90,1,1026,9,,,,,,,14.4,1,,,1026,9,0,9
97119008,97119008,"PETIT-CANAL GODET-INRAE",16.405,-61.481667,35,20250610,4,1,25.1,1,2000,9,31.1,1,1200,9,28.1,1,28.1,1,6,1,24,9,24.3,9,,,,,3.7,9,,,,,,,,,,,,,10,9,100,9,1636,9,,,,,,,,
97119008,97119008,"PETIT-CANAL GODET-INRAE",16.405,-61.481667,35,20250605,0,1,24.4,1,400,9,30.3,1,1300,9,27.2,1,27.4,1,5.9,1,21.6,9,23.4,9,,,,,2.5,9,,,,,,,,,,,,,8,9,150,9,1554,9,,,,,,,,
97119008,97119008,"PETIT-CANAL GODET-INRAE",16.405,-61.481667,35,20250612,0,1,26.1,1,,,29.5,1,,,27.4,1,27.8,1,3.4,1,24.6,9,25.3,9,,,,,2.9,9,,,,,,,,,,,,,9,9,120,9,1412,9,,,,,,,,
97119008,97119008,"PETIT-CANAL GODET-INRAE",16.405,-61.481667,35,20250606,0,1,24.7,1,300,9,30.6,1,1200,9,27.5,1,27.7,1,5.9,1,22.1,9,24.1,9,,,,,2.5,9,,,,,,,,,,,,,9,9,110,9,1112,9,,,,,,,,
97119008,97119008,"PETIT-CANAL GODET-INRAE",16.405,-61.481667,35,20250609,0.5,1,26.4,1,300,9,31.3,1,1300,9,28.2,1,28.9,1,4.9,1,25,9,25.6,9,,,,,3.4,9,,,,,,,,,,,,,10,9,110,9,1318,9,,,,,,,,
97119008,97119008,"PETIT-CANAL GODET-INRAE",16.405,-61.481667,35,20250602,0,1,26.1,1,400,9,30.7,1,1200,9,27.8,1,28.4,1,4.6,1,24.5,9,25.6,9,,,,,2.9,9,,,,,,,,,,,,,10,9,150,9,1000,9,,,,,,,,
97119008,97119008,"PETIT-CANAL GODET-INRAE",16.405,-61.481667,35,20250608,0.5,1,23.4,1,500,9,30.3,1,1200,9,27.3,1,26.9,1,6.9,1,22.2,9,22.6,9,,,,,2.8,9,,,,,,,,,,,,,9,9,150,9,1418,9,,,,,,,,
97119008,97119008,"PETIT-CANAL GODET-INRAE",16.405,-61.481667,35,20250611,0,1,26.3,1,400,9,30.4,1,1200,9,27.9,1,28.4,1,4.1,1,23.5,9,23.7,9,,,,,3.5,9,,,,,,,,,,,,,10,9,130,9,1418,9,,,,,,,,
97119008,97119008,"PETIT-CANAL GODET-INRAE",16.405,-61.481667,35,20250604,0,1,23.8,1,500,9,30,1,1300,9,26.3,1,26.9,1,6.2,1,21.9,9,22.7,9,,,,,2.7,9,,,,,,,,,,,,,10,9,130,9,948,9,,,,,,,,
97119008,97119008,"PETIT-CANAL GODET-INRAE",16.405,-61.481667,35,20250607,3,1,25.3,1,600,9,30.7,1,1200,9,27.7,1,28,1,5.4,1,23.4,9,25,9,,,,,2.9,9,,,,,,,,,,,,,9,9,150,9,1436,9,,,,,,,,
97101015,97101015,"LE RAIZET AERO",16.264,-61.516333,11,20250612,0,1,25.1,1,234,9,29.6,1,1357,9,27.1,1,27.4,1,4.5,1,18.4,1,24,1,0,9,4.5,1,,,8,1,80,1,1401,9,12.3,1,70,1,809,9,,,,,,,11.4,1,,,810,9,19,9
97119008,97119008,"PETIT-CANAL GODET-INRAE",16.405,-61.481667,35,20250613,0,1,25.8,1,,,30.7,1,,,27.6,1,28.3,1,4.9,1,24.5,9,25.3,9,,,,,2.8,9,,,,,,,,,,,,,9,9,150,9,1018,9,,,,,,,,
97101015,97101015,"LE RAIZET AERO",16.264,-61.516333,11,20250613,0,1,25.7,1,447,9,31.1,1,1346,9,27.6,1,28.4,1,5.4,1,19.9,9,24.9,9,0,9,4.7,1,,,8.5,1,70,1,1208,9,13.9,1,50,1,1408,9,,,,,,,12.3,1,,,1410,9,6,9
97119008,97119008,"PETIT-CANAL GODET-INRAE",16.405,-61.481667,35,20250615,0,1,25.4,1,,,30.9,1,,,27.7,1,28.2,1,5.5,1,23.5,9,24,9,,,,,2.8,9,,,,,,,,,,,,,10,9,110,9,1024,9,,,,,,,,
97101015,97101015,"LE RAIZET AERO",16.264,-61.516333,11,20250614,1.6,1,22.5,1,432,9,30,1,1016,9,26.2,1,26.3,1,7.5,1,16.1,1,21.5,1,0,9,3.6,1,,,9.1,1,90,1,1231,9,14.2,1,90,1,1225,9,,,,,,,13.6,1,,,1225,9,77,9
97101014,97101014,"LES ABYMES CHAZEAU_SAPC",16.2875,-61.453167,95,20250615,0.8,1,24.5,1,249,9,30.9,1,1149,9,26.7,1,27.7,1,6.4,1,,,,,0,9,,,,,,,,,,,,,,,,,,,,,,,,,,,,,,
97119008,97119008,"PETIT-CANAL GODET-INRAE",16.405,-61.481667,35,20250614,1,1,25.2,1,,,29.8,1,,,27.5,1,27.5,1,4.6,1,23.5,9,24.5,9,,,,,3,9,,,,,,,,,,,,,10,9,150,9,1200,9,,,,,,,,
97101014,97101014,"LES ABYMES CHAZEAU_SAPC",16.2875,-61.453167,95,20250614,2.2,1,23.6,1,531,9,30.1,1,1141,9,25.6,1,26.9,1,6.5,1,,,,,,,,,,,,,,,,,,,,,,,,,,,,,,,,,,,,
97101015,97101015,"LE RAIZET AERO",16.264,-61.516333,11,20250615,1,1,24.8,1,202,9,30.9,1,1221,9,27.4,1,27.9,1,6.1,1,19.1,9,23.9,9,0,9,4.4,1,,,9,1,100,1,1248,9,13.1,1,120,1,1110,9,,,,,,,11.9,1,,,1110,9,49,9
97119008,97119008,"PETIT-CANAL GODET-INRAE",16.405,-61.481667,35,20250616,0,1,25.7,1,,,30.4,1,,,27.8,1,28.1,1,4.7,1,24.2,9,25.1,9,,,,,2.7,9,,,,,,,,,,,,,9,9,60,9,1124,9,,,,,,,,
97101014,97101014,"LES ABYMES CHAZEAU_SAPC",16.2875,-61.453167,95,20250616,0.2,1,24.4,1,521,9,31.7,1,1248,9,27,1,28.1,1,7.3,1,,,,,0,9,,,,,,,,,,,,,,,,,,,,,,,,,,,,,,
97101015,97101015,"LE RAIZET AERO",16.264,-61.516333,11,20250616,0,1,24.8,1,238,9,31.1,1,1349,9,27.4,1,28,1,6.3,1,18.1,1,23.7,1,0,9,4.4,1,,,8.1,1,70,1,1202,9,12.8,1,100,1,937,9,,,,,,,11.5,1,,,1059,9,18,9
97119008,97119008,"PETIT-CANAL GODET-INRAE",16.405,-61.481667,35,20250617,0,1,26.2,1,,,30.7,1,,,27.9,1,28.5,1,4.5,1,24.9,9,25.7,9,,,,,3.1,9,,,,,,,,,,,,,10,9,90,9,1006,9,,,,,,,,
97101015,97101015,"LE RAIZET AERO",16.264,-61.516333,11,20250617,0.2,1,25,1,119,9,31,1,1425,9,27.8,1,28,1,6,1,19.1,9,23.7,9,0,9,4.9,1,,,8.2,1,90,1,1051,9,13.7,1,100,1,1042,9,,,,,,,13,1,,,1042,9,39,9
97101014,97101014,"LES ABYMES CHAZEAU_SAPC",16.2875,-61.453167,95,20250617,1,1,24.9,1,841,9,30.7,1,1536,9,27.1,1,27.8,1,5.8,1,,,,,0,9,,,,,,,,,,,,,,,,,,,,,,,,,,,,,,
97101015,97101015,"LE RAIZET AERO",16.264,-61.516333,11,20250101,0.4,1,20.2,1,620,9,29.3,1,1252,9,24.6,1,24.8,1,9.1,1,16.5,9,19.1,9,0,9,2.3,1,,,5.6,1,60,1,1316,9,9,1,60,1,1145,9,,,,,,,8,1,,,1310,9,36,9
97101014,97101014,"LES ABYMES CHAZEAU_SAPC",16.2875,-61.453167,95,20250101,0.8,1,20.6,1,530,9,29.3,1,1422,9,24,1,25,1,8.7,1,,,,,,,,,,,,,,,,,,,,,,,,,,,,,,,,,,,,
97101014,97101014,"LES ABYMES CHAZEAU_SAPC",16.2875,-61.453167,95,20250102,0.6,1,22,1,548,9,28.8,1,1319,9,24.3,1,25.4,1,6.8,1,,,,,0,9,,,,,,,,,,,,,,,,,,,,,,,,,,,,,,
97101015,97101015,"LE RAIZET AERO",16.264,-61.516333,11,20250102,0,1,21,1,649,9,28.7,1,1103,9,24.8,1,24.9,1,7.7,1,17.1,9,19.9,9,0,9,3.1,1,,,8.1,1,60,1,1250,9,12.5,1,50,1,1427,9,,,,,,,11.3,1,,,1246,9,12,9
97101015,97101015,"LE RAIZET AERO",16.264,-61.516333,11,20250103,0,1,20.3,1,633,9,30,1,1251,9,24.8,1,25.2,1,9.7,1,16.5,9,19.2,9,0,9,2.7,1,,,6.9,1,90,1,1017,9,11.2,1,130,1,1127,9,,,,,,,9.9,1,,,1110,9,2,9
97101014,97101014,"LES ABYMES CHAZEAU_SAPC",16.2875,-61.453167,95,20250103,0,1,22.6,1,216,9,30.4,1,1243,9,24.9,1,26.5,1,7.8,1,,,,,,,,,,,,,,,,,,,,,,,,,,,,,,,,,,,,
97101015,97101015,"LE RAIZET AERO",16.264,-61.516333,11,20250104,9.6,1,20.3,1,57,9,29.1,1,1406,9,24.4,1,24.7,1,8.8,1,16.4,9,19.2,9,0,9,2,1,,,6.5,1,140,1,1254,9,10.9,1,160,1,1233,9,,,,,,,10.1,1,,,1232,9,284,9
